customerID,restaurantID
2,14971
2,7300
2,8749
2,5389
2,3332
2,3146
2,8477
2,16149
2,2454
2,6233
3,10974
3,5165
3,10204
3,1547
3,14634
3,15511
3,11254
3,16210
3,7232
3,5622
3,10620
3,7769
3,10232
3,16758
3,725
4,14855
4,2770
4,12155
4,12705
4,16205
4,3582
4,4194
4,10636
4,7621
4,7136
4,11247
4,14362
4,78
4,4511
5,14885
5,11378
5,3319
5,12853
5,12441
5,1613
5,479
5,6895
5,2832
5,9621
5,14017
5,15334
6,10302
6,16941
6,4383
6,3091
6,11887
6,6197
6,2897
6,6511
6,14431
7,10763
7,4881
7,12242
7,15934
7,12883
8,326
8,11067
8,164
8,15164
8,6325
8,9314
8,14312
8,9429
8,180
8,12924
8,12260
9,16992
9,12374
9,2241
9,15453
9,3268
9,7228
9,7095
9,15847
9,11128
9,980
10,1862
10,3740
10,10259
10,8793
12,7320
12,4114
12,1225
12,6122
12,4756
12,15883
12,16889
12,5240
12,13154
13,2208
13,9438
13,65
13,5103
13,13565
13,1824
13,14778
13,8236
13,1131
13,8515
13,334
13,15063
13,11476
13,16465
13,14402
13,10210
13,5625
13,9272
13,15515
14,9281
14,11252
14,410
14,8419
14,10812
14,5323
14,11980
14,7403
14,13672
16,6906
17,5359
17,8505
17,5626
17,15121
17,15448
18,7841
18,3567
18,180
18,7672
18,7200
18,14159
18,7469
18,13302
18,9347
18,1597
18,55
18,6569
18,7793
18,12488
18,13491
18,501
19,5944
19,12685
19,4262
19,1793
20,16332
20,1915
20,4697
20,11342
20,3637
20,13331
20,970
20,3333
20,1212
20,7761
20,16005
20,1024
20,4682
20,6897
20,11497
20,10
20,6088
20,11228
21,6230
21,6483
21,14054
21,5961
22,11030
22,11774
22,8589
22,10313
22,9228
22,12776
22,6880
22,3465
22,14613
22,10984
23,11680
23,1951
23,7535
23,10122
23,9674
23,15113
23,2265
23,11979
23,14713
23,11579
23,16017
23,5001
23,10970
23,16972
23,2782
23,16368
24,12378
24,5124
24,15841
24,5591
24,2249
24,10897
24,12002
24,10736
24,3916
24,278
24,6752
24,13349
24,7214
24,15717
25,9104
26,4772
26,7212
26,12120
26,13567
26,2151
26,3664
26,13914
26,10094
26,3891
26,5736
26,6061
26,15097
27,13562
27,5841
27,4081
27,16447
27,1409
27,100
27,2841
27,14060
28,1152
28,11525
28,4738
30,6957
31,13050
31,15630
31,3413
31,3347
31,7596
31,5492
32,437
33,13268
33,4440
33,16193
33,8569
33,9475
33,10024
33,2092
33,15189
33,4417
33,10844
34,15851
34,15547
34,359
34,7323
34,5834
34,548
34,4388
34,244
34,5753
34,14974
34,12400
34,8720
34,10567
34,14650
34,8147
34,14320
34,7541
35,2699
35,8091
35,4449
35,11013
35,16850
35,6567
35,7904
35,14851
35,7548
35,10565
35,14503
35,771
35,1698
35,2613
35,8474
35,13104
35,7192
35,8852
36,9003
37,15897
37,10207
37,13117
37,13253
37,15321
37,16453
37,15000
37,7404
37,10687
38,15999
38,6492
38,14442
38,9307
38,9753
38,8985
38,10870
38,10126
38,5976
38,6764
39,6675
39,3128
39,16599
39,1941
39,6374
40,14330
40,14620
40,6404
40,4725
40,9600
40,1200
40,13281
40,16172
40,7630
40,7103
40,3501
40,28
40,13185
40,13520
41,7518
41,3714
41,9001
41,4360
41,15986
41,16911
42,11944
42,6109
42,8965
42,12580
42,13859
42,10634
42,9515
42,7842
42,6598
42,16815
42,6555
42,401
42,4996
42,3267
42,2059
42,14207
42,13625
42,1141
43,6697
43,15184
44,12546
44,11414
44,9178
44,16069
44,10891
44,3051
44,10256
44,9076
44,4935
44,6862
44,7161
44,2051
44,1932
44,6545
45,14075
45,13183
45,16283
45,479
45,754
45,7301
45,12122
45,9890
46,12956
46,7190
46,1165
46,6206
46,9416
46,2830
46,5127
46,15321
46,13222
46,1065
46,3944
46,844
46,7247
46,3062
46,631
46,10787
47,13540
47,4283
47,9795
47,4728
47,11783
47,1790
47,5405
47,10284
47,14332
47,767
47,14502
47,7721
47,9394
47,7679
47,1184
47,9035
47,13699
47,14756
47,10089
48,9028
48,6030
48,13098
48,4030
48,6628
48,13847
48,5761
48,453
48,14546
48,16954
48,16796
48,10847
48,15390
48,11105
49,1588
49,10004
49,4150
49,3822
49,1815
49,10532
49,3113
49,16710
49,6234
49,14741
49,2134
49,4215
49,1816
49,11734
49,8908
49,1163
49,14722
49,11907
49,3429
49,8798
50,3517
50,741
50,3294
50,14715
50,3661
50,2645
50,16466
51,10743
51,5494
51,9403
52,2081
52,1313
52,15544
52,14702
52,16501
52,4801
52,12194
52,1377
52,9116
52,16826
52,1450
52,11765
52,13058
52,10674
52,11515
52,5804
52,7782
53,14867
53,14434
53,2988
53,1795
53,9345
53,1689
53,8268
53,7476
53,14785
53,4780
53,13966
53,5983
53,13300
53,13611
53,9002
53,14119
54,6325
54,6250
54,16902
55,5151
55,1308
55,11717
55,7876
55,10728
55,9921
55,15286
55,13285
55,9726
55,8469
55,14920
55,15322
55,8477
55,15184
55,2552
55,8738
55,2569
55,4539
56,15279
56,960
56,10717
56,2731
57,11096
57,10763
57,8465
57,16027
57,4494
57,13576
57,2413
57,3036
57,10445
57,7170
57,2599
58,16369
58,14740
58,8271
58,8373
58,14518
59,15034
59,9150
59,2440
59,10324
59,12198
59,15447
59,8765
59,6357
59,8077
59,16020
59,11753
59,16482
60,6140
60,8762
60,9120
60,16148
62,12502
62,14811
62,1786
62,13058
62,12316
62,3603
62,14329
62,8836
62,13660
62,10142
62,1543
62,8731
62,11268
62,4708
62,11861
62,3362
63,1699
63,16301
63,424
64,12259
64,3152
64,15161
64,12940
64,3051
64,5090
64,9780
65,16454
65,1337
65,3884
65,8999
65,8821
65,825
65,16645
65,9866
65,9250
65,13202
65,15854
65,4066
65,14231
66,2557
66,3951
66,8946
66,13966
66,618
66,3378
66,671
66,26
66,6844
66,8196
66,2699
66,7643
67,15872
67,14946
67,1469
67,14149
67,16728
67,4439
68,16830
68,3464
68,11036
68,5726
68,9095
68,8146
68,15365
68,11811
68,6315
68,15807
68,7893
68,11421
68,4327
68,8583
68,8148
68,11344
68,12110
68,15677
68,10220
69,9277
69,3153
69,10249
69,11857
69,13861
69,2902
69,14229
69,14752
69,809
69,10398
69,3823
69,3590
69,5572
69,4975
69,10042
69,11151
69,15710
69,299
69,3387
69,520
70,14030
70,4592
70,13026
70,14549
70,3102
70,13678
70,14501
70,3467
71,10872
71,13992
71,16439
71,15111
71,1475
71,11681
71,12512
71,8967
71,6372
71,632
71,15090
71,10646
71,2943
71,4590
71,11203
71,60
71,10150
71,9614
71,2383
72,2314
72,14789
72,1346
72,6054
72,2091
73,10144
73,12636
73,4376
74,10373
74,12632
74,7815
74,15943
75,10630
75,2999
75,14714
75,1920
75,16530
76,9605
76,12908
76,4569
76,9243
76,639
76,4838
76,6575
76,4005
76,10317
76,2441
76,1433
77,10313
77,6350
77,2409
77,4678
77,11225
77,9652
77,2348
77,3646
77,10972
77,346
77,8200
77,9194
77,16352
77,15673
77,774
78,5365
78,12905
78,1966
78,7204
78,15686
78,11754
78,1991
78,3093
78,11276
78,13820
79,3950
79,16439
79,10560
79,11917
79,6975
79,13754
79,9980
79,8381
79,3249
79,3367
80,4418
80,9259
80,3819
81,558
81,3929
81,6953
81,11237
81,5857
81,1004
81,3752
81,9218
81,8683
81,3516
81,16016
83,16899
83,8282
83,12203
83,4938
83,7874
83,13908
83,11591
83,6751
83,12483
83,16089
83,14152
83,14869
83,13207
83,13052
83,7660
83,846
83,14543
83,16921
83,10997
83,7717
84,13415
84,10474
84,7823
84,16386
84,3134
84,15626
84,15666
84,11681
84,12060
84,11312
86,1533
86,8985
86,4773
86,5190
86,6571
86,4882
87,14700
87,14171
87,2801
87,5634
87,8327
87,5894
87,8090
87,4054
87,3896
87,3655
87,10991
87,10898
88,2609
88,7631
88,7611
88,12846
88,4292
88,4893
88,8851
89,1215
89,3909
89,1874
89,1762
89,14693
89,8461
89,16421
89,1265
89,10305
89,9206
89,10330
89,13701
90,5981
90,1099
90,3791
90,14731
90,2751
90,13716
90,14847
90,7799
90,9124
91,15492
91,7700
91,5416
91,15583
91,14412
91,10519
91,680
91,5134
91,6441
91,8575
91,14814
91,11144
91,6881
92,2226
92,16012
92,155
92,3895
92,10537
93,681
93,16724
93,7623
93,12435
93,8103
93,16083
93,11842
93,15813
93,12054
93,11894
93,327
93,12223
93,14026
93,732
93,12263
93,3805
93,8090
94,8222
94,8542
94,8102
94,9428
94,4602
94,13932
94,83
94,15389
94,1993
94,9551
94,12282
94,4251
95,2217
95,10621
95,6447
95,1190
95,8214
95,11835
95,2080
95,921
95,10043
95,10074
95,15532
95,481
95,5315
95,29
95,14614
95,7841
96,14372
96,7495
96,11940
96,10027
96,4406
96,6509
96,5690
96,8652
96,1608
96,1107
97,1278
97,130
98,4768
98,11076
98,6509
98,5948
99,4158
99,10624
99,4909
99,5365
99,11144
99,10308
99,15570
99,3842
99,14898
99,14875
99,9763
99,14752
99,8493
99,13197
99,13828
99,13763
100,14931
100,1267
100,13399
100,4649
100,3368
100,9530
100,829
100,8081
100,16391
100,4886
100,9488
100,1667
100,8343
100,11871
101,10813
101,3527
101,12658
101,11660
101,24
101,4679
101,995
101,15132
101,159
101,9632
101,6679
101,11157
101,8319
101,14849
101,5154
101,2053
101,9366
101,5284
101,8335
101,9985
102,9581
102,12515
102,10087
102,13404
102,12645
102,8237
102,8238
103,14579
103,5167
103,2341
103,14173
103,2191
103,3858
103,8350
103,3513
103,974
104,8338
104,10615
104,16582
104,16212
104,14430
104,13165
104,15025
104,13014
104,4093
104,10937
104,6851
104,1577
104,3474
104,14624
104,16942
104,53
104,1925
104,12439
104,4439
104,11231
105,1078
105,15302
106,10449
106,4999
106,134
106,12665
106,738
106,6208
106,13448
106,10343
106,5811
106,2232
106,8778
106,986
106,13879
106,6169
106,13566
106,3336
106,7463
107,2981
107,301
107,2104
107,5861
107,12715
107,4291
107,5783
107,9824
107,4301
107,4107
107,8291
107,1971
107,12340
107,2363
107,14450
107,3429
108,8107
108,15529
108,15276
108,12876
108,11166
108,4313
108,10606
108,6365
108,5130
108,12704
108,13656
108,4192
109,3376
109,16932
110,7164
110,13635
110,10360
111,3793
111,7348
111,6382
111,11206
111,11257
111,5756
111,8590
111,2728
112,16795
112,8047
113,16619
113,6361
113,6695
113,6487
113,456
113,10876
113,15744
113,296
113,15734
113,11091
113,7827
113,14887
113,10235
113,8299
113,888
113,12648
114,3223
114,5392
114,16352
114,4114
115,3265
115,2714
115,6015
115,11502
115,10137
115,15133
115,8922
115,10076
115,9722
115,10120
115,13696
115,6038
115,4729
115,8182
115,6303
115,16561
115,7983
115,3445
116,7373
116,14176
116,9273
116,8692
116,7357
116,7234
116,4209
116,12077
116,7983
116,12134
116,4620
116,5494
117,5745
117,6475
117,8465
117,14600
117,5421
117,6192
117,13677
117,10365
117,10223
117,1268
117,8413
117,7090
117,12922
117,8425
117,14364
118,7726
118,9270
118,14030
118,8732
118,5993
118,8319
118,6451
118,12840
118,494
118,4277
119,7922
119,9204
119,14696
119,10388
119,2328
119,11111
119,6733
119,5427
119,8839
119,5755
119,16132
119,14196
119,8542
119,8676
119,10547
119,8337
120,1754
120,13089
120,16363
120,13958
120,4314
120,701
120,15051
121,9147
121,3630
121,7194
122,2566
122,2304
122,5557
122,4450
122,3152
122,2798
122,9988
122,11244
122,6715
122,14425
122,13434
122,4675
122,14954
122,14643
123,14197
123,3281
124,1042
124,16851
124,15076
125,14424
125,12022
125,4359
125,15297
125,16913
125,9755
125,16394
125,1862
125,14727
125,7725
125,12309
125,15684
126,7268
126,12423
126,9675
127,6002
127,12765
127,12458
127,5578
127,10611
127,13088
127,6378
127,6830
127,12612
127,907
127,13846
127,2990
127,4766
127,6700
127,5118
127,4896
127,14404
128,1570
128,12559
128,4401
128,11675
128,13894
128,11680
128,2725
128,16428
128,1464
128,11271
128,15341
128,3882
128,10145
128,93
128,6239
128,4346
129,16016
129,16557
129,16758
129,11016
129,15003
129,4945
129,16639
129,14934
129,11877
129,9693
129,12419
130,14742
130,11415
130,6463
130,14003
130,6294
130,16817
130,7810
130,7084
130,3101
130,1078
130,14422
130,10803
130,605
130,13162
130,3717
131,958
132,10314
132,12669
132,6606
132,11972
132,7486
132,3801
132,9510
132,15406
132,11053
132,13893
132,6687
132,4916
132,9444
132,10425
132,1130
132,8062
133,3496
133,1626
133,15110
133,10124
133,7548
133,1028
134,87
134,14838
134,14604
134,3872
134,8997
134,13435
134,2736
135,5394
135,7260
135,2800
135,16708
135,1946
135,7960
135,5548
135,16737
135,9364
135,11813
135,6621
135,12291
135,1113
135,15094
135,5072
136,6004
136,9648
137,16672
137,11276
137,14094
137,12766
137,4133
137,3984
137,6859
137,16871
137,10177
137,5029
137,14079
137,15903
137,9693
137,11820
137,5861
137,12536
140,13983
140,16479
140,16533
140,6375
140,2571
140,7848
140,6144
140,7460
140,967
140,11155
140,4949
140,5588
140,12626
140,3170
140,6551
140,3963
140,397
140,2864
140,8132
141,7642
141,11207
141,4446
142,3648
142,3725
142,1911
142,4012
143,9815
145,12947
145,15006
145,3710
145,8506
145,7371
145,7802
145,11383
145,3532
145,2793
145,16087
145,10873
145,13606
145,7946
145,1958
145,14302
145,13451
145,9308
145,2730
146,1350
146,3572
146,3209
146,6643
146,2792
146,629
146,4960
146,2011
146,10742
146,7296
147,1853
147,13351
147,6650
147,660
148,6535
148,8055
148,16476
148,6937
148,9464
148,11603
149,11557
150,947
150,5873
150,16013
150,15699
150,3144
150,9770
150,5963
150,6015
150,4884
150,2765
150,15765
150,11501
150,16360
150,14864
151,2426
151,233
152,7442
152,7161
152,16440
152,11892
152,5394
152,6931
152,11977
152,11349
153,9955
153,1600
153,408
153,8695
153,12234
153,2161
153,5145
153,7375
153,4409
153,9156
153,16300
153,4783
153,4087
153,2851
153,9989
153,10803
153,6702
154,14770
154,11744
154,229
154,15046
154,13254
154,16410
154,12673
154,11220
154,12322
154,3818
154,15848
154,1784
154,14774
154,2665
154,4005
154,6648
154,7035
154,8147
154,2870
154,4721
155,7630
155,10819
156,8011
156,15786
156,6074
156,11537
156,10247
156,11224
156,816
156,15853
156,5644
156,16646
156,4200
156,9160
156,11789
156,3002
157,14650
157,12769
158,13955
158,2145
158,135
158,13602
158,5971
158,10569
158,16043
158,4007
158,14645
158,1671
158,14661
158,3818
158,9205
158,14577
158,5771
158,676
158,1448
158,7557
159,743
159,12090
159,14547
159,10892
159,7997
159,3728
159,629
159,7846
159,15457
159,6909
159,1529
159,8915
159,7702
159,8051
159,3782
159,1757
159,4719
159,1005
159,6109
160,3901
160,14280
160,3746
160,4782
160,8325
160,16048
160,9148
160,9817
160,13511
160,2271
160,1240
160,16143
160,8117
161,2987
161,14455
161,5848
161,12400
161,421
161,1262
161,1784
161,15752
161,482
161,3342
161,2753
161,3198
161,7420
161,15960
162,10674
162,10713
162,13158
162,11571
162,13150
162,6129
162,13327
163,3668
163,8159
163,13157
163,14040
163,13963
163,6150
163,8848
163,9522
163,8227
163,2140
163,13793
163,7064
163,14718
163,13196
163,10515
163,1484
164,6020
164,7079
164,4734
164,4378
164,7927
164,16699
164,16220
164,223
164,13769
164,13097
164,1633
164,963
164,6948
164,56
164,12753
165,2052
165,13392
165,7408
165,10336
165,5379
165,295
165,15757
165,330
165,15887
165,5375
165,7724
165,11649
165,10389
165,9020
165,15449
165,3468
165,1139
166,15517
166,9335
166,13518
166,9503
166,7831
166,12405
166,3538
166,796
166,16697
166,10863
166,11915
166,10106
166,16295
166,3123
166,1399
167,13661
167,1129
168,442
168,4079
168,304
168,6293
168,466
168,6423
168,4529
168,1638
168,1671
168,5252
168,7637
168,1062
168,8227
169,7887
169,10742
169,9384
169,16519
169,11080
169,4009
169,13583
169,5058
169,13394
169,4156
169,293
169,12497
169,9149
169,618
169,745
169,14122
169,5026
170,13878
170,11332
170,11669
170,7134
170,9287
170,15016
170,15555
170,12648
170,7366
170,6806
170,15401
170,6542
170,7617
170,8731
170,1508
171,13015
171,10697
171,11547
171,8036
171,11553
171,2046
171,2610
172,9018
173,8280
173,16367
173,9783
173,4108
173,8757
173,177
173,1325
173,1866
173,6359
173,11290
173,5091
173,7914
173,11571
173,6312
173,3329
173,14537
174,11627
174,9449
174,9173
174,13868
174,6826
174,11614
174,1671
175,1754
175,141
175,15051
175,13703
175,14134
175,11166
175,5059
175,12158
175,9194
176,13217
176,5867
176,10564
176,12787
176,3580
176,12299
176,14982
176,6418
176,237
176,2907
176,385
176,8209
176,14716
176,8575
176,6725
176,15477
176,6166
176,2703
176,13695
177,11297
177,7480
177,14546
177,6863
178,13430
178,7224
178,14728
178,6514
178,16773
179,15653
179,5516
179,16458
179,11853
179,2070
179,6517
179,4340
179,15768
179,4740
179,7098
179,16573
179,1720
179,15859
179,9670
179,3146
179,15684
179,16117
179,4779
179,1081
180,13182
180,2330
180,16549
180,2698
180,3619
180,2665
181,11764
181,4747
181,4000
181,9211
181,9711
181,9116
181,10564
181,6227
181,11002
181,9650
181,14526
181,16352
181,6820
181,8223
181,7590
181,15346
181,13055
182,12132
182,14742
182,5713
182,1747
182,7236
182,9907
182,12395
182,5256
182,2672
182,14459
182,13317
182,6220
182,13305
183,2720
183,14114
183,12545
183,5791
183,1772
183,1566
183,14001
183,6949
183,9298
183,57
183,6827
183,9005
183,10225
183,811
183,915
183,2026
183,1544
183,11820
184,8670
184,4968
184,13742
184,16008
184,10427
184,11846
184,15461
184,5050
184,803
184,8153
184,9684
184,10942
184,10108
184,6425
184,15062
184,10524
184,8196
185,9105
185,7814
185,7489
185,2813
185,9125
185,1051
185,2831
185,2694
185,15942
185,12168
185,1337
185,12272
185,5611
185,6941
185,7984
185,8535
185,3057
185,2665
186,6829
186,3027
186,4841
186,9182
186,7019
186,252
187,3932
187,7773
187,952
187,7389
187,3590
187,7284
187,13034
187,699
187,4114
187,6815
187,6793
187,15430
188,12653
188,825
188,16734
188,2014
188,187
188,15055
188,2452
188,16337
188,10573
188,8502
188,16816
188,9567
189,2136
189,8357
189,16868
189,7690
189,2055
189,6761
189,10155
189,7047
189,12355
189,9525
190,11329
190,8762
190,5795
190,720
190,2172
190,8393
190,14605
190,3709
190,4282
190,9616
190,16163
191,16664
191,814
192,10744
192,13250
192,2687
192,6734
192,1055
192,7681
192,7434
192,14897
192,4328
192,5352
192,1387
193,4243
193,12842
193,6769
193,9779
193,12895
193,2141
194,1200
194,10042
194,7876
194,2540
194,2296
194,2251
194,2799
194,15740
194,10088
194,11685
194,2812
194,9767
194,4931
195,4033
195,11763
195,15945
196,10961
196,9430
196,11476
196,6892
196,700
196,8246
196,14839
197,8037
197,15241
197,575
197,6486
197,16869
197,9183
197,1343
197,9238
197,16339
197,3465
197,7176
197,9908
197,10623
197,12137
197,4211
197,6608
197,3704
197,14386
197,6441
197,755
198,2683
198,13594
198,4933
198,6510
198,13910
198,15367
198,4314
198,5350
198,8075
198,15133
199,10376
199,12767
199,15246
199,5507
199,13025
199,16373
199,1941
199,13920
199,9437
199,16691
199,13346
199,9740
199,4935
199,7984
199,5825
200,6411
200,1715
200,13451
200,1259
200,4241
200,15958
200,3029
200,628
200,1855
200,15816
201,3517
201,11315
201,503
201,7357
201,10251
201,2782
201,13745
201,3
201,16004
201,62
201,2484
201,1908
201,2980
201,8583
201,16006
201,15494
202,327
202,7072
202,6341
202,13023
202,16972
202,3580
202,5947
202,4910
202,5448
202,11339
202,645
204,2878
204,4426
204,2816
204,9164
204,3221
204,7273
204,228
204,16940
204,15488
204,5607
204,12882
205,10933
205,14610
205,10041
205,7113
205,6727
205,5408
205,956
205,16882
205,8123
206,6245
206,14278
206,11065
206,7755
206,4980
206,10282
206,2460
206,3484
206,13650
206,4355
206,16091
206,5557
206,16076
206,14224
206,10396
206,7775
206,12533
206,15222
207,5152
207,12627
207,2353
207,7333
208,13138
208,7010
208,15016
208,8345
208,14186
208,11725
208,1006
208,1459
208,2028
208,6704
208,4340
208,15612
208,2087
208,15686
208,11674
208,5154
208,16580
208,12572
208,15214
209,12537
209,7654
209,5620
209,13415
209,16024
209,13155
209,15270
209,10351
209,8942
210,14644
210,8838
210,13535
210,1211
210,10608
210,3907
210,14853
210,10573
210,13480
210,1071
210,3986
210,1765
210,14402
210,11288
210,489
210,7243
210,9432
210,9047
211,4973
211,9625
211,13758
211,2462
211,12845
211,1524
211,14297
211,3078
212,1689
212,1984
212,8938
212,4042
212,11623
212,11430
212,5960
212,1044
212,16676
212,6650
213,13949
213,1234
213,14667
213,16873
213,4049
214,10922
214,11206
214,9761
214,4375
214,1760
215,4113
215,6466
215,11444
215,1490
215,6200
215,773
215,7943
215,2082
215,14024
215,13429
215,4339
215,4663
215,8631
215,10334
215,14752
215,13307
215,96
215,10262
215,16528
215,3222
216,2340
216,2564
216,5170
216,11824
216,12682
216,15947
216,4571
216,16993
216,9983
216,7580
216,11464
216,19
216,5367
217,16302
217,7802
218,8736
218,13864
218,5415
218,11963
218,11052
218,16214
218,5855
219,14457
219,4826
219,16378
219,15038
219,16109
219,7709
219,6502
219,14895
219,11829
219,4431
220,7276
220,16305
220,8088
220,8038
220,11861
221,11022
221,8052
221,11616
221,8799
221,11292
221,6898
221,10777
222,4970
222,9025
222,16479
222,13239
222,5074
222,15595
222,11964
222,5187
222,673
222,13875
222,2087
222,1039
222,15889
222,16593
222,16994
222,8570
223,16801
223,13962
223,11626
223,1385
223,4148
223,16966
223,1392
223,1668
223,10334
223,3880
223,3544
223,5766
223,9588
223,809
223,764
223,330
223,3049
223,16663
223,7893
223,11827
224,5393
224,933
224,2137
224,9394
224,3429
224,7916
224,7972
224,2195
224,4395
224,1801
224,3690
224,2725
224,14451
224,7993
224,144
225,10909
225,2895
225,13842
225,14264
225,2100
225,5034
225,1132
225,10635
225,13679
225,4171
225,5601
225,14447
225,457
225,318
225,2204
225,10178
226,1718
226,12467
226,3262
226,12998
226,4696
226,10757
226,7933
226,6927
226,3333
226,4613
226,11008
226,4485
226,4977
226,13845
226,14182
226,6099
226,15273
226,7961
226,8304
226,8676
227,16616
227,8611
227,16500
227,4799
227,15937
227,7033
227,10362
227,14881
227,7894
227,16762
227,5415
227,14570
227,16311
228,1729
228,1578
228,15904
228,9876
228,16322
228,7669
228,4019
228,8729
228,12559
228,1553
228,8235
228,10794
228,6534
228,11879
228,5269
228,3470
229,3674
229,9119
229,8742
229,601
229,3458
229,13423
229,4883
229,12176
229,826
229,3220
229,10133
230,11944
230,15003
231,5758
231,4492
231,15616
231,7264
231,5457
231,3615
231,1949
231,946
231,11698
231,4641
232,6883
232,13294
232,11752
232,13574
232,11269
232,6579
232,9047
232,4211
232,12356
232,4663
232,9364
232,8000
232,1030
232,16244
232,2084
232,7847
232,12306
233,2071
233,5898
233,6891
233,89
233,891
233,7986
233,303
233,5297
233,11859
233,6237
233,4796
233,10357
233,10910
233,8218
233,3446
233,3958
233,1375
233,815
233,14023
234,11505
235,12796
235,3996
235,2948
236,16472
236,3492
236,2429
237,9812
237,5969
237,16058
237,15276
237,1504
237,8182
237,14886
237,10888
237,6838
237,5624
237,2755
237,16031
237,15868
237,4471
237,8011
237,7498
238,11814
238,9632
238,9331
238,7532
238,288
238,8471
238,8895
238,13535
238,9841
239,3894
239,7432
239,2246
239,13059
239,16433
239,3382
239,14362
239,16130
239,14630
239,6469
239,16549
240,3143
240,780
240,5191
241,5949
241,3704
241,4664
241,10922
241,6777
241,14318
241,3622
241,2431
242,6222
242,16946
242,2401
242,5620
242,15800
242,2179
242,4155
242,15041
243,11097
243,6732
243,9029
243,4262
243,15937
243,5734
243,5081
243,142
243,1457
244,14117
244,6721
245,8454
246,8851
246,6859
246,8317
246,3079
246,12112
246,11692
246,10545
246,1403
246,11122
246,14220
246,15938
246,10065
247,13148
247,8830
247,15312
247,982
247,3724
247,2053
247,4587
247,7455
247,4303
247,1232
247,3933
247,11706
247,3177
247,13979
247,15423
247,2042
247,5365
247,766
248,7261
248,3503
248,8134
248,1417
248,2067
248,2276
248,6418
248,10239
249,14327
249,8681
249,11400
249,10291
249,11318
249,3178
249,13040
249,10403
250,10751
250,5990
250,2593
250,15395
250,11307
250,9727
250,1277
250,12516
250,2167
250,8011
250,7965
250,6303
250,14
250,10456
250,10098
250,1304
250,14574
251,581
251,11789
251,4181
252,8209
252,10563
252,13711
252,14719
252,5618
252,14994
252,8716
252,12296
252,7752
252,7315
252,4428
252,2194
252,6807
252,10868
252,13652
252,2954
252,7403
252,14000
252,4872
253,12673
253,9998
253,1719
253,6702
253,15800
253,16332
253,13757
253,13405
253,2269
253,16512
253,16357
253,351
253,14722
253,192
253,11710
253,13548
253,11893
253,11282
254,8565
254,10634
254,774
255,2644
255,12307
255,4594
255,9409
255,879
255,3909
255,8835
255,3971
255,15885
255,216
256,7789
256,3671
256,1702
256,8018
256,12467
256,12791
256,11457
256,13669
256,154
256,2981
256,2567
256,11134
257,7564
257,7225
257,6446
257,4792
257,5216
257,16613
257,9288
257,16838
257,4332
258,8544
258,14462
258,10783
258,6489
258,1138
258,2157
258,2187
258,4761
258,2603
258,13118
258,16804
258,6170
258,2925
258,9893
258,11097
259,4843
259,13945
259,7951
259,3627
259,14371
259,11794
259,7200
259,10035
259,15984
259,11788
260,5279
260,15654
261,606
261,16210
261,3074
261,2125
261,4577
261,1090
261,10401
261,11628
261,16334
261,10905
261,14244
261,11551
261,6934
261,9062
261,4367
261,3078
261,4241
261,1944
261,12360
262,15505
262,11640
262,1472
262,1276
262,16214
262,6661
262,9834
262,9330
263,8703
263,11342
263,554
263,16355
263,16346
263,8747
263,16495
263,14065
263,13399
263,12562
263,11870
263,13270
263,3697
263,12038
263,2886
263,1729
263,6606
263,16878
263,15465
263,4255
264,9918
264,11502
264,157
264,8271
264,8836
264,7848
264,12783
264,13566
264,5749
264,1545
264,4652
264,15408
264,6024
264,16084
264,11462
264,11707
264,10575
264,12885
266,12679
266,1642
266,9359
266,6543
266,13964
266,792
266,16730
266,9948
266,11718
266,349
266,13469
266,3634
267,14182
267,4465
267,6259
267,3167
267,7490
267,6047
267,12712
267,7398
267,7539
267,7261
267,11352
267,6916
267,10424
267,3860
267,2953
267,4185
267,3580
268,13380
268,14905
268,16975
268,9057
268,3578
268,11319
269,16061
269,2356
269,9992
269,968
269,6661
269,3900
269,5854
269,10109
269,15052
269,9247
269,13059
269,2410
270,15764
270,9664
270,7797
270,15422
270,8811
270,14809
270,2969
270,2502
270,10044
270,1294
270,5533
270,11969
270,6073
270,9370
270,3751
271,2588
271,12266
271,4252
271,6469
271,14196
271,3642
272,5972
272,369
273,6730
273,13956
273,15868
273,14472
273,5599
273,9016
273,8652
273,2451
273,5592
273,1780
273,4043
273,12665
273,11845
274,16869
274,13544
274,2735
274,4436
274,6528
274,15042
274,2341
274,1592
274,3950
274,10233
274,2561
274,1586
274,11430
274,7600
274,970
274,5032
274,7937
274,16448
275,15312
275,8944
275,5089
275,8211
275,3584
275,16717
275,4939
275,1324
275,3
276,80
276,7018
276,5383
276,8540
277,10200
277,10829
277,8929
277,4008
277,16606
277,6532
277,562
277,12648
277,15841
277,8788
277,16045
277,14006
277,16232
277,5122
277,3213
277,8585
277,9143
278,1228
278,16759
278,5063
278,10618
278,6556
278,12626
278,16973
279,3005
279,13234
279,4481
279,14430
279,888
279,4968
279,15216
279,16276
279,15686
279,6425
279,13156
280,4255
280,16209
281,8279
281,2005
281,14940
281,13897
281,4077
282,59
283,8228
283,13160
283,15004
283,4777
283,15880
283,9680
283,1791
284,751
284,10112
284,2073
284,2504
284,4681
284,3026
284,13352
284,16600
284,15153
284,12564
284,13358
284,13579
284,8198
284,5216
285,6572
285,15898
285,7847
285,1385
285,9626
285,876
285,3296
285,8642
285,7445
285,15963
285,15085
285,8299
285,1402
285,4920
285,4588
286,6400
286,10855
286,9316
286,2873
286,14593
286,1966
286,9213
286,3423
286,9204
286,16017
286,12580
286,13596
286,7196
287,13069
287,3974
287,291
287,23
287,14434
287,5245
288,9142
288,10271
288,13902
288,5523
288,7593
288,16208
289,16276
289,7807
289,16425
289,7709
289,6606
289,814
289,3633
289,1016
289,8876
289,8437
289,14942
289,16125
289,14134
289,12769
289,16900
289,1394
289,5433
289,15958
290,10868
290,12330
290,12327
290,13604
290,1107
290,6793
290,4530
290,14279
291,15639
291,2855
291,1009
291,7606
291,12324
291,16160
291,4530
291,208
291,15142
291,7489
292,8965
292,13150
292,2669
292,12689
292,10344
292,7218
292,9874
292,11698
292,1709
292,1949
292,3886
292,5078
292,5438
292,5895
292,2206
292,1159
293,6563
293,13404
293,1321
293,3951
293,10467
293,13551
293,8881
293,3620
293,8600
293,3545
293,8392
293,3908
293,11664
293,5003
293,12160
293,214
293,7134
293,16321
293,2252
294,10471
294,7157
294,11496
294,14409
294,1623
294,14114
294,2183
294,12648
294,16649
294,327
294,2320
294,10910
294,415
294,3481
294,12027
295,8029
295,8576
295,12759
295,3482
295,14490
295,10855
295,9561
295,14375
295,3799
296,11896
296,9619
296,12075
297,12394
297,13187
297,12564
297,13492
297,14460
297,5271
297,4750
297,6855
297,7126
298,9061
298,7173
298,13716
298,4230
298,12066
298,12808
298,5296
298,3623
298,11295
298,6979
298,13366
298,2097
298,7096
298,5199
298,3429
298,6221
298,10869
298,2582
298,14285
298,1935
299,262
299,6532
299,1328
299,5484
299,261
299,8910
299,735
300,104
300,12522
300,4603
300,14438
300,10094
301,12723
301,2694
301,2821
301,6641
301,3850
301,3528
301,8570
301,2154
301,2469
301,9114
301,3048
302,4388
302,2901
302,9399
302,12372
302,3434
302,14496
302,12697
302,11404
302,15551
302,16778
302,2829
302,11784
302,5938
302,7473
302,15937
303,3252
303,3543
303,16762
303,15402
303,16109
303,10728
303,15949
303,9224
303,3745
304,15374
304,1016
304,2884
304,3865
304,14465
304,15327
304,8140
304,117
304,1182
304,13817
304,14710
304,15037
304,3389
304,15056
304,13930
304,16550
304,8963
304,6174
304,7575
305,5043
305,6058
305,14932
305,15157
306,14796
306,9162
306,6518
306,4615
306,9505
306,8430
306,10327
306,10512
306,9463
306,8477
306,1412
306,15765
306,3269
306,555
306,5495
306,9969
306,13448
306,3375
306,12928
306,12270
307,14980
307,9558
307,2397
307,2590
307,12764
307,11507
307,995
307,15324
307,8843
307,3436
307,9275
307,9143
307,16919
307,3348
307,10622
308,6447
308,2209
309,13995
309,4711
309,13702
309,11196
309,6087
309,4721
309,12352
309,11229
309,6199
309,12965
309,15508
309,8241
310,13549
310,1705
310,2109
310,2351
310,13028
310,10556
310,10558
310,16244
310,10727
311,9328
311,10771
311,14118
311,13835
311,112
311,11122
311,13533
312,7233
312,16480
312,15106
312,16536
312,5710
312,15091
312,7407
312,11926
312,893
312,10531
312,713
312,13214
312,11315
312,5565
313,6162
313,8987
313,13717
313,11978
313,1075
313,2742
313,16593
313,12164
313,9660
313,13729
314,2245
315,16168
315,9793
315,7435
315,9077
316,9041
316,3801
316,3686
316,3502
316,8365
316,1732
316,8934
316,2964
316,13804
316,9749
317,10182
317,14078
317,16974
317,12763
317,1571
317,6556
318,2151
318,9496
318,16566
318,178
318,13403
318,8672
318,243
318,16746
318,3450
318,3037
318,10162
318,13647
318,225
318,3522
319,14898
319,15834
319,3146
319,1135
319,8584
319,14790
319,8513
319,2770
319,15663
320,13303
320,16175
320,9262
320,5242
320,10727
320,10703
320,6052
320,5823
320,8433
320,16789
320,12978
321,13447
321,782
321,5466
322,9686
323,7430
323,14440
323,13493
323,11078
323,1235
323,2823
323,2974
323,901
323,9349
323,10943
323,6872
323,16196
323,2872
324,9980
324,7262
324,9154
324,6865
324,10691
324,2571
324,1926
324,16894
324,2435
324,2101
324,13090
324,799
325,11549
325,1011
325,5616
325,5839
325,15361
325,11394
325,3620
326,2737
326,2740
326,14145
326,15388
326,10858
326,9491
326,15896
326,1945
326,3124
326,9423
326,6313
326,4272
326,2364
326,3714
326,3032
327,4297
327,9239
327,8780
327,9485
327,370
327,177
327,13060
327,16094
327,381
327,4012
327,11519
327,7125
327,16798
327,15353
327,10587
327,5510
327,10235
328,4284
328,3426
328,11181
328,1148
328,10617
328,1835
328,14756
328,623
328,5433
328,3
328,1567
329,4698
329,2207
329,7717
329,13977
329,15390
329,267
329,198
329,11064
330,8723
330,2883
330,3404
330,2924
330,8143
330,11924
330,14617
330,16187
330,6914
330,5790
330,16355
330,8069
330,442
331,10541
331,11692
331,4700
331,9359
331,1227
331,14188
331,12146
331,6287
331,6054
331,13625
331,15586
331,8820
331,10920
331,12079
331,304
331,955
332,74
332,3145
332,16637
332,3856
332,13106
332,11620
332,902
332,8919
332,2448
332,1893
332,4147
332,7509
332,16235
332,10804
332,8543
332,13387
333,14290
333,12774
333,8786
333,10507
333,9058
333,12956
333,363
333,14347
333,2295
333,2559
334,13676
334,16823
334,2186
334,9639
334,900
334,16367
334,6588
334,12491
334,2278
334,6583
335,16916
335,12055
335,11977
335,10669
335,13773
335,10306
335,1917
335,11675
335,8735
335,11877
335,1421
335,1657
335,3777
335,851
335,11032
335,16658
335,2821
335,1968
335,16160
336,703
336,3852
336,16551
336,1102
336,15170
336,3019
336,3713
337,8810
337,6856
337,5080
337,13815
337,12326
337,11577
338,14355
338,5553
338,1708
338,5271
338,16129
338,9690
338,10842
338,378
338,14687
338,13516
338,11563
338,1451
339,8071
340,5707
340,11891
340,4249
340,3000
340,5709
340,6390
340,1008
340,5339
340,4952
340,5197
340,6817
341,4058
341,13657
341,16142
341,11260
341,11306
341,4925
341,4831
341,14956
341,12514
341,15444
341,10623
341,16163
341,13380
341,9646
341,3272
341,11328
341,7508
341,2202
343,2141
343,15602
343,1298
343,6560
343,9332
343,8330
343,775
343,3418
343,12021
343,16896
343,10240
343,8621
343,9579
343,13888
343,2275
343,8091
343,4145
343,12832
343,7731
343,12348
344,10126
344,7298
344,14982
344,16319
344,10305
344,10619
344,15638
344,7035
344,9256
344,13991
344,15545
344,9978
344,14177
344,13648
344,5156
344,11065
344,5332
344,5829
344,9335
344,8646
345,5798
345,11782
345,4194
345,7434
346,8737
346,8470
346,12238
346,8389
346,1305
346,7492
346,16663
346,4576
346,7566
346,1204
346,13830
346,12811
346,484
346,3527
346,1544
347,1735
347,11131
347,9488
347,11722
347,6753
347,5209
347,230
347,6722
347,14206
347,13470
347,6876
347,4965
347,9972
347,16585
347,13716
347,15549
347,968
347,1435
347,646
347,5658
348,15657
348,12764
348,774
348,7238
348,14756
349,2091
349,13808
349,12201
349,5057
349,9615
349,15196
349,151
349,11699
349,5493
350,14562
350,6757
350,14815
350,1465
350,6176
351,7987
351,10167
351,10923
351,5792
351,11615
351,10177
353,4790
353,9674
353,14390
353,6508
353,12020
353,3161
353,2307
353,9928
353,5988
353,16868
353,11628
354,12879
355,15254
355,1856
355,590
355,8165
355,11652
355,584
355,11189
355,13911
355,1166
355,14909
355,15133
355,4138
355,742
355,5702
356,10481
356,14229
356,8700
356,4377
356,15290
356,4602
356,6759
356,15284
356,16555
356,3016
356,14681
356,6791
356,4276
356,11028
356,14084
357,6417
357,2462
357,9344
357,814
357,14179
357,15908
357,5226
357,14192
357,1599
357,6786
357,6929
357,210
357,7452
357,4169
357,14810
357,3490
357,10836
357,7673
358,13373
358,3606
358,10993
358,1857
358,11982
358,15171
358,10983
358,16977
358,26
358,12927
358,16090
358,7315
358,15634
358,1460
359,13651
359,11412
360,1508
360,4320
360,15618
360,11062
360,14847
360,5343
360,4433
360,11661
360,9201
360,7574
360,5124
361,11132
361,181
361,8542
361,12531
361,5977
361,10216
361,845
362,863
363,7471
363,14700
363,7391
363,7096
363,10893
363,5033
363,16038
363,6112
363,5778
363,11253
363,10358
363,15296
363,13526
363,3380
363,14496
363,6721
363,15065
363,13818
363,9297
364,13107
364,13136
364,8738
365,16539
365,14055
365,13356
365,12063
365,3705
365,16065
365,16832
365,8929
365,1209
365,6962
366,4629
366,8179
366,3522
366,10838
366,9985
366,6922
366,4159
366,6126
366,631
366,6653
366,3409
366,15488
367,7537
367,7249
367,114
367,433
367,4469
367,6074
367,5530
367,12408
367,10495
367,3695
367,3501
367,4776
367,12558
367,7657
368,6954
368,5830
368,2591
369,13806
369,4052
369,6726
369,9246
369,7163
369,8449
369,15775
369,11777
370,8706
370,10130
371,7343
371,14674
371,979
371,12629
371,1927
371,2831
372,12239
372,691
372,15345
372,409
372,5344
372,3810
372,13729
372,2102
372,9064
372,6995
372,8080
372,1478
372,7715
372,8463
372,9370
373,7337
373,11361
373,7282
373,10240
373,12955
373,6051
373,13195
373,783
373,12175
373,4457
373,6544
373,11489
373,1237
373,8865
373,10384
374,6700
375,13
375,3274
375,1558
375,13251
375,1802
375,9568
375,14775
375,6337
376,8601
376,13201
377,16348
378,5747
378,10911
378,15764
378,16473
379,9825
379,7501
380,3933
380,9910
380,9041
380,373
380,8694
380,3619
380,8319
380,5473
380,14194
380,1435
380,15484
380,15390
380,15895
380,7145
380,11683
380,4684
380,3141
381,7240
381,6984
381,10648
381,15417
381,8531
381,10757
381,2583
381,14608
381,10828
381,3532
381,6597
381,4394
381,16478
381,1818
381,4331
381,16859
381,16462
381,4966
381,13091
382,16382
382,1458
382,12955
382,15345
382,16234
382,15603
382,9713
382,10103
382,4875
382,1993
382,2492
382,12499
382,8797
382,14349
382,259
382,1573
383,15405
383,15100
383,6511
383,15738
383,14636
383,16453
383,10174
383,2121
383,8225
383,10211
383,5449
383,15504
383,10216
383,12739
384,1746
384,9951
384,10984
384,7786
384,6316
384,324
384,10190
384,13367
384,3924
384,5594
384,7052
384,2803
385,182
385,7793
385,4623
385,6424
385,5833
385,3046
385,8109
385,686
385,14783
385,16202
385,2783
385,13068
385,9622
387,1595
387,2294
387,9505
387,6272
387,5476
387,12449
387,8763
387,12089
387,3151
388,8857
388,5406
388,16709
388,14916
388,1588
388,9465
388,7180
388,2944
388,10360
388,3167
388,861
388,1654
388,2982
388,4610
388,1853
388,145
388,6465
388,7895
388,488
389,11809
389,13381
389,7917
389,9979
389,11598
389,9973
389,1792
390,1379
390,9391
390,4603
390,16147
390,5181
390,14437
390,2409
390,14390
390,14501
390,5252
390,16049
390,16553
390,6324
390,16484
390,16842
390,2451
392,10098
392,11889
392,16170
393,13160
393,9506
393,2256
393,760
393,7164
393,9261
393,14690
393,13166
393,9840
393,6091
393,8916
393,14221
393,1639
393,2326
393,13569
393,10221
393,3545
394,12620
394,12921
394,2168
394,16757
394,3974
394,2478
394,11607
394,9721
394,2225
394,11916
394,2302
394,8461
394,12184
394,2605
394,520
394,1283
394,16080
394,220
395,2931
395,1385
396,6460
396,2973
396,11844
396,15124
396,13499
396,10028
396,11960
396,4367
396,9635
396,7250
396,13130
396,9833
396,14597
396,12472
396,1613
396,1067
397,1257
397,14532
397,5549
397,4233
397,9031
398,8619
398,1233
398,14388
398,4443
399,16073
399,8966
399,2824
399,8967
399,7720
399,16809
399,3456
399,1623
399,5450
400,6146
400,10939
400,12323
400,426
400,11951
400,11174
400,11375
400,14594
400,4146
401,10624
401,15765
401,3778
401,266
401,16207
401,1036
401,3725
401,5883
401,3859
401,308
401,1713
401,13018
401,4671
401,14515
401,12368
403,12473
403,10987
403,2525
403,1660
403,9947
403,391
403,593
403,15959
403,5110
403,15842
403,1977
403,4793
404,107
404,15713
404,10681
404,11522
404,14993
404,8376
404,12544
404,13257
404,1758
404,12911
404,12652
404,5723
404,14883
404,7627
404,13243
404,4121
404,6065
404,8053
404,1372
405,16531
405,16567
405,13644
405,615
405,5094
406,5863
406,13191
406,12989
406,8078
406,246
406,14508
407,14529
407,9195
407,9168
407,7315
407,7530
407,10179
407,1500
407,1981
407,15184
407,15989
407,8213
407,2921
407,7173
407,8820
407,5743
407,7367
407,9356
407,11957
407,10676
408,1493
408,13161
408,16016
408,4066
408,1457
409,10540
409,5779
409,16396
409,10060
409,11554
409,6457
409,3514
409,14042
410,11058
410,1883
411,4740
411,3422
411,5612
411,16804
411,6806
411,1063
411,2620
411,1921
411,4537
411,7523
411,5930
411,6102
411,13890
411,1344
411,5631
411,6359
411,16905
411,9212
411,9913
411,5657
412,6848
412,13048
412,15366
412,2264
412,11927
413,4434
413,6005
413,16543
413,94
413,4100
413,1127
413,4710
413,13041
413,14019
413,11661
413,13426
413,15901
413,1669
413,8464
413,16620
413,3126
413,5875
414,7140
414,12412
414,7967
414,4807
414,739
414,14183
414,9274
414,13728
414,15710
414,14317
414,10585
414,6467
414,11349
415,15436
416,6402
416,15608
417,5536
417,5327
417,15599
417,2166
417,1777
417,9017
417,3219
417,1972
417,9455
417,11751
417,8591
417,15828
417,7268
417,14732
417,1127
417,286
418,9930
418,4728
418,9292
418,16716
418,13908
418,8788
418,10746
418,13459
418,12772
418,14378
418,2874
418,439
418,7203
418,825
418,3059
418,7827
419,8938
419,14561
419,897
419,4216
419,16207
419,14407
419,15728
419,16420
419,8062
419,2244
419,10667
419,7132
419,14125
419,10877
419,13599
419,16603
419,11269
419,13670
420,12198
420,10121
420,473
420,10693
420,8186
420,2763
420,11022
420,11445
420,1700
420,11860
420,5673
420,15253
420,6853
420,8794
420,3361
420,4430
422,958
422,14631
422,4548
422,8306
422,4838
422,4839
423,10848
423,7758
423,10084
423,12002
423,4855
423,14134
423,4319
423,9040
423,2151
423,13145
424,4009
425,3406
425,14808
425,14111
426,15660
426,6932
426,13692
426,15175
426,13012
426,4865
427,8918
427,134
427,7057
427,8174
427,8373
427,15363
427,13062
427,3094
427,7376
427,9869
428,3218
428,4089
428,8351
428,2193
428,3860
428,14436
428,2531
428,9708
428,13454
428,571
428,1637
428,8006
428,7083
429,4297
430,6411
430,9413
430,5331
430,7530
431,15242
431,9834
431,9940
431,7944
431,1588
431,1841
431,12856
431,5098
431,16815
431,15411
431,7367
431,7488
431,13703
431,9034
431,15213
431,8134
431,14672
431,2477
431,11363
431,8973
432,2262
432,9432
432,2520
432,645
432,4889
432,12377
432,6051
432,925
433,15136
433,2316
433,1861
433,13808
433,4522
433,5759
433,7920
433,6347
433,12954
433,8421
433,5580
433,7436
433,12480
433,14805
433,6939
433,11697
433,11634
433,13616
433,8086
433,1401
434,13581
434,8706
434,7607
434,16654
435,13960
435,2539
435,11589
435,4745
435,20
435,4680
435,15356
435,7421
435,3374
435,4679
436,2282
436,13631
436,2331
436,3736
436,2242
436,16640
436,12149
436,15101
436,13958
436,13202
436,16354
436,1260
437,12206
437,14898
437,10167
437,13424
437,11514
437,11348
437,7610
437,14480
437,12906
437,6185
437,220
437,2630
438,8008
438,580
438,10992
438,13253
438,11421
438,10324
438,9787
438,8773
438,9370
438,10913
438,430
438,12444
438,15663
438,16249
438,5284
439,170
439,3069
439,2121
439,6492
439,9530
439,13990
439,11786
439,5097
439,5401
439,14455
439,13949
439,5068
439,10019
439,4757
439,15676
439,10345
439,4972
439,9942
439,13770
440,6845
440,13964
440,14089
440,16526
440,8157
440,5459
440,12746
440,13415
440,4837
441,11807
441,6455
441,3801
441,6319
441,10612
441,7984
441,8669
441,12645
441,1726
441,6501
441,4757
441,10924
441,15557
441,229
441,16187
441,6743
441,12547
441,14860
441,15752
442,83
442,1771
443,7257
443,9164
443,2568
443,8500
443,14658
443,10262
443,2297
443,1276
443,7299
443,13113
443,8801
443,12021
443,14056
443,1373
443,12983
443,12102
443,4008
443,16537
444,15549
444,7701
444,3949
444,404
444,14226
444,14211
444,4911
444,11662
445,13428
445,6363
445,1731
445,14949
445,14082
445,15332
446,13676
446,4690
446,14665
446,13128
446,4651
446,15915
446,789
446,10423
446,10932
446,1284
446,2513
446,3437
446,6853
446,4947
446,2842
446,9791
447,2311
447,739
447,5865
447,6967
447,372
447,2137
447,14154
447,13296
447,9476
447,1394
447,4978
447,4223
447,380
447,13205
447,9166
447,11262
448,4262
448,8503
448,5367
448,14763
448,6317
448,5567
448,11056
448,7280
448,2973
448,6589
448,14228
448,3761
448,708
448,15828
448,6917
449,4208
449,180
449,6712
450,15223
450,13580
450,14475
450,8158
450,5227
450,5144
450,7060
450,11883
450,4624
450,3245
450,14682
450,15752
450,2527
450,10352
450,5913
450,5004
450,12462
451,6701
451,2195
451,12750
451,10989
451,1346
451,14394
451,2958
451,10746
451,14850
451,8958
451,12811
451,1100
451,6518
451,9261
451,8132
451,12422
453,12810
453,14576
453,6425
453,15576
453,14247
453,4793
453,7521
453,2499
453,8137
453,15182
453,6011
453,14645
453,15124
453,12719
453,10602
453,1587
453,10849
453,5601
453,3333
455,14297
455,12251
455,15791
456,5397
456,14174
456,8953
457,8619
457,10539
458,9013
458,3244
458,14937
458,11492
458,16190
458,4130
458,14509
458,14836
458,3419
458,834
458,6192
458,7307
458,11802
458,3546
458,3711
458,8256
458,14263
458,15763
458,4960
459,7344
459,7061
459,2805
459,5482
459,3968
459,1725
459,2016
459,7757
459,11771
459,2627
459,10524
459,10394
460,11848
460,4174
460,14288
460,4890
461,10113
461,5304
461,1006
461,9982
461,5066
461,11650
461,9830
461,1454
461,10408
461,7300
461,4813
461,7566
461,3728
461,2737
461,2082
462,12713
462,8050
462,4012
462,16277
462,6181
462,2450
462,3228
462,13152
462,15204
462,10946
463,12478
463,12030
463,15169
463,11758
463,11158
463,5771
463,3592
463,15280
463,4183
463,12240
463,1399
463,3289
463,12710
464,1347
464,5607
464,7441
464,10110
464,13766
464,13927
464,6030
464,10658
464,8659
464,237
464,10762
464,3243
464,3522
464,14231
464,10574
465,13350
465,10067
465,6071
465,11209
465,974
465,15092
465,8053
465,10983
465,16074
465,7536
465,5820
465,5407
465,4451
465,4766
465,1402
465,8945
465,16838
465,3546
465,4246
465,13889
466,2631
466,11774
466,4372
466,8069
466,5209
466,6793
467,194
467,2717
467,12606
467,3775
467,15822
467,8029
467,7759
467,15102
467,10805
467,3500
467,94
467,12326
467,5500
467,6792
467,4171
467,10871
467,11125
468,2035
468,1655
468,16724
468,4682
468,14298
468,2471
468,11386
468,932
468,5675
468,7
468,9187
468,2492
468,14088
468,21
468,2290
468,6599
469,6663
469,12833
469,8521
469,9632
469,15734
469,2488
469,7123
469,4902
469,11376
469,8722
469,9080
469,4079
469,12008
469,16237
469,10779
469,10051
469,3657
469,2155
470,4071
470,10184
470,6997
470,9921
470,5516
470,15875
470,16937
470,13963
470,9662
470,10763
470,10408
470,12862
470,4873
470,498
470,321
470,5257
470,4523
470,15973
471,4373
471,12564
471,8054
471,10979
471,5108
471,16071
471,15745
471,4647
471,656
471,15598
471,12317
471,16397
471,16379
471,15333
471,2071
471,9154
471,7200
473,8557
473,16996
473,3707
473,10804
474,16806
474,16235
474,12124
474,11174
475,4756
475,4210
475,10333
475,6
475,12019
475,5265
475,519
475,11351
475,2664
475,1194
475,4702
475,10049
476,16712
476,10058
476,7259
476,1923
477,10253
477,4838
477,3403
477,8984
477,16648
477,5328
477,8488
477,4842
477,3376
477,5653
477,12743
478,11678
478,6475
478,8034
478,5255
478,12002
478,5436
478,10021
478,13579
478,9987
478,14447
478,4012
479,15943
479,1548
480,11677
480,12764
480,15778
481,6930
481,3627
481,12587
481,3328
481,10022
481,2132
481,10662
481,321
481,6779
481,7721
481,15008
481,4506
481,7562
482,14690
482,11541
482,13145
482,6058
482,3126
482,15337
482,12278
482,12095
482,5109
482,12852
482,14370
483,2680
483,9337
483,15850
483,3536
483,4971
483,16973
483,3375
483,3282
483,13091
483,9971
483,4897
483,3755
483,2918
483,7761
483,10925
483,10367
483,7674
484,12599
484,4230
484,15761
484,9985
484,13208
484,15620
485,22
485,2786
485,16653
485,15222
485,6389
485,15459
485,5211
485,14102
485,15656
485,12519
485,875
485,15758
485,11058
485,12045
485,4285
485,2056
485,7307
486,16320
486,986
486,12065
486,9515
486,7419
486,13052
486,5290
486,14137
486,3866
486,13486
486,2810
486,16104
486,317
486,2517
486,6292
486,14723
486,15610
486,13820
487,1717
487,1639
487,3282
487,8577
487,1839
487,4272
487,6617
487,4338
488,15346
488,11164
488,1229
488,6681
489,6625
489,11182
489,4573
489,3207
489,11652
489,14703
489,11504
489,4292
489,3493
489,13289
490,13878
490,3214
490,3701
490,12534
490,7384
490,4781
490,7523
490,5539
490,2709
490,4496
490,7162
490,7085
491,7491
491,3362
491,5838
491,8366
491,16528
491,6045
491,1136
491,3522
491,15080
493,15939
493,10009
493,7083
493,15731
493,11316
493,16538
493,3170
493,10541
493,11026
493,4754
493,9377
494,1715
494,9091
494,8788
494,8664
494,13436
494,3521
494,2391
494,13289
494,5830
494,9823
494,6265
494,1026
494,5445
494,3923
494,4600
495,3544
495,8071
495,8030
495,6149
495,3361
495,12788
495,4207
495,12626
495,10839
495,7628
495,4140
495,13143
495,5656
495,7035
495,7339
495,5217
496,14911
496,8928
496,1729
496,10546
496,15
496,493
496,11102
496,997
496,13738
496,8777
496,11358
496,9989
496,2294
496,1761
496,13716
496,3729
496,12322
496,4888
497,4438
497,6886
497,6837
497,62
497,2241
497,12048
497,8408
497,1450
497,15184
497,219
497,3910
497,16389
497,4197
497,1537
497,8143
497,10856
497,15146
497,7733
497,16096
498,2101
498,12290
498,1226
498,14849
498,6230
498,5519
498,14949
498,16368
498,7744
498,15805
499,12126
499,11494
499,8045
499,13853
499,13291
499,11941
499,10078
499,12721
499,8776
499,12321
499,1181
499,8239
499,13861
499,16393
499,15771
499,5544
499,208
499,372
499,10468
500,4053
500,15852
500,1138
500,1860
500,6422
500,9746
501,2897
501,12978
501,16885
501,11777
501,8869
501,9804
501,1665
501,4493
501,5088
501,3672
502,4686
502,6325
502,5617
502,9852
502,9219
502,7281
503,10956
503,2114
503,16633
503,2239
503,6887
503,11246
503,11839
503,6069
503,12371
503,12233
503,16705
503,12392
503,15083
503,12736
503,14927
503,13273
503,16193
503,542
503,11757
504,2482
504,16364
504,5840
505,823
505,6756
505,3291
505,189
505,2410
505,2234
505,5872
505,14392
505,952
506,2112
506,4004
506,3570
506,14040
506,2008
506,9026
506,111
506,16160
507,13030
507,8664
507,6505
507,6742
507,4605
508,3066
508,6408
508,942
508,4377
508,5889
508,2473
508,818
508,5440
508,3553
508,12658
508,16223
508,2286
508,5310
508,7330
508,617
509,8640
509,12476
509,5950
509,9479
509,8735
509,4080
509,3281
510,15459
510,14497
510,6480
510,3936
510,11406
510,4027
510,13812
510,8872
510,12883
510,8882
510,11446
510,10234
510,16405
510,4467
510,10542
511,15336
511,15192
511,6967
511,16655
511,12365
511,16139
512,16298
512,11794
512,1850
512,1640
512,348
512,7815
512,7510
512,9104
514,11224
514,13979
514,14020
515,2984
515,16175
515,12794
515,648
515,3517
516,6140
516,5945
516,1610
516,587
516,13645
516,10943
516,2568
516,12692
516,15127
516,14681
516,6278
516,6164
516,12211
516,1207
517,15861
517,3717
517,929
517,11203
517,13408
517,1506
517,4134
517,9918
517,6873
517,6743
517,9655
517,7799
517,11623
517,10157
518,8905
518,15554
518,3053
518,5710
518,2264
518,15724
519,11809
519,15236
519,15578
519,1720
519,1173
520,9615
521,7805
521,10885
521,10515
521,11365
521,626
521,10984
521,5130
521,6163
521,1592
521,15978
521,1642
521,2376
521,16863
521,2919
521,9912
522,15741
523,15138
523,14134
523,11776
523,8629
523,10720
523,5717
523,13344
523,4941
523,9179
523,2188
524,14452
524,8989
524,11418
524,11671
524,6063
524,1923
525,1190
525,5114
525,9461
525,14117
525,1389
525,2806
525,11233
525,812
525,12276
525,1427
525,9383
525,2117
525,12222
525,953
525,9104
525,8355
525,16008
525,13157
525,2798
526,14813
526,3687
526,1508
526,12126
526,8976
526,4930
526,8431
526,9991
527,15261
527,14916
527,15007
527,7899
527,657
527,1951
527,1097
527,6928
527,1626
527,2886
527,11956
528,9058
528,5296
528,12674
528,14525
528,11507
528,11578
528,16230
528,12765
528,1992
528,14071
528,10073
528,13921
528,2256
528,12484
528,15359
529,6547
529,7850
529,9844
529,8274
529,16739
529,10755
529,6951
529,16661
529,380
529,15483
529,8865
529,15183
529,16745
529,9341
529,3421
529,6734
530,9040
530,4048
530,14178
530,13533
530,629
530,16683
530,7845
531,2527
531,4857
531,5259
531,7445
531,9484
531,4680
531,14930
531,15164
531,13790
531,10708
531,9206
531,12045
532,1633
534,332
534,4240
534,13049
534,13787
534,4317
534,3514
535,14235
535,8791
535,3733
535,3033
535,533
535,14168
535,3482
535,13821
535,2101
535,8677
535,5410
535,15944
536,103
536,8395
536,9614
536,11003
536,10969
536,9034
536,11110
536,9640
536,9176
536,11779
536,16977
536,9153
536,159
536,2826
536,8214
536,10909
536,2575
536,9462
536,5811
537,13683
537,12975
537,10970
537,12672
537,4204
537,3918
538,9878
538,8157
538,3672
538,10320
539,7206
539,14038
539,2344
539,7064
539,64
539,1328
539,15288
539,7536
539,12048
539,14637
539,2509
539,11663
539,15531
539,2630
539,1307
539,9453
540,5041
540,9136
540,7380
540,14439
540,6541
540,10658
540,1355
540,4876
540,14251
540,15866
540,14783
540,9238
540,16793
540,13315
540,2421
540,4999
540,4400
540,5908
540,16022
542,3024
542,3051
542,4135
543,9796
543,5188
543,8590
543,12216
543,2022
543,6185
543,8485
543,8711
543,7411
543,12653
543,2118
544,14248
544,11283
544,1123
544,94
544,11779
544,5248
545,14558
545,8082
545,14805
545,7057
545,5299
545,16158
545,12037
545,10448
545,1140
545,15585
545,1338
545,13734
545,16881
545,1802
545,5560
545,580
545,14520
545,10378
545,3385
546,15199
546,7046
546,5312
546,16898
546,8422
546,2578
546,4406
546,11390
547,8457
547,12592
547,8406
548,2609
548,12699
548,6978
548,13246
548,14175
548,3779
548,413
548,2839
548,6860
548,14159
548,7724
548,9304
548,7870
549,948
549,3755
550,16796
550,15725
550,5921
550,7708
550,175
550,11919
550,1891
550,5022
550,16496
550,1278
550,12094
550,8110
550,10210
550,11506
550,3761
550,14489
550,7885
550,14757
550,2756
551,5767
552,4550
552,8968
552,1671
552,8831
552,15395
552,13134
552,6697
552,1425
552,3633
552,13561
552,14437
552,2822
552,324
552,6429
553,12660
553,10230
553,16604
553,16542
553,1949
553,678
553,12833
553,4613
553,5162
553,15378
553,3705
554,2737
554,14897
554,7346
554,3250
554,15193
554,421
554,1183
554,6351
554,8886
554,11591
555,15641
555,3738
555,12177
555,1714
555,10674
555,2880
555,2537
556,3138
556,3784
556,4604
556,3566
556,8916
556,8904
556,6790
556,5793
556,3184
556,4962
556,3080
556,6322
556,14688
556,660
556,15451
557,8574
557,16331
557,9427
557,9576
557,7189
557,6010
557,4698
557,5029
557,197
557,8905
557,7471
557,8872
557,6662
557,1528
557,12114
557,15730
558,13698
558,3264
558,12153
558,636
558,14877
558,11732
559,4589
559,15961
559,5951
559,1643
559,16176
559,8295
559,7937
559,13573
559,8290
559,8770
559,15030
559,3082
559,9867
559,10137
560,5698
560,2008
560,16648
560,4929
560,5101
560,14253
560,9268
560,16032
560,15955
560,7101
560,15362
560,4562
560,5390
560,3026
560,12530
560,5192
560,6747
560,12198
560,12131
560,15174
561,1631
561,5596
561,9754
561,5049
561,1910
561,6825
561,7424
561,5091
561,9636
561,69
561,11468
562,15962
562,4985
562,9263
562,1628
562,2565
562,650
562,8701
563,1288
563,6000
563,7568
563,5445
563,9572
563,8739
565,5703
565,8794
565,9767
565,2007
565,3484
565,3293
565,11797
565,10009
565,11641
565,1756
565,7408
566,2925
566,1951
566,12892
566,4328
566,12299
566,4420
566,8508
566,99
566,6861
567,1052
568,14455
568,16592
568,1560
568,9383
568,16750
568,4354
568,5887
568,12988
569,5493
569,13966
569,4843
569,786
569,13309
569,5681
569,5083
569,9694
569,6026
569,5019
569,5358
569,9469
569,14910
570,8508
570,10226
570,14449
570,16686
570,2125
571,9164
571,3957
571,1528
571,8078
571,6335
571,5668
571,7347
571,9627
571,14629
571,5354
571,4577
571,2127
571,13359
571,2387
571,489
571,7801
571,7630
571,15365
571,6690
572,8148
572,11562
572,15990
572,10498
572,8697
572,9380
572,6394
572,12490
572,8917
572,14030
574,9730
575,14535
575,16576
575,3202
575,13976
575,2603
575,14734
575,1497
575,1129
575,5455
575,13594
575,2056
575,16960
575,10643
576,11381
576,4442
576,9677
576,437
576,6945
576,14760
576,7858
576,10733
576,7985
576,11401
576,16272
576,9576
576,10542
576,13790
576,11728
576,12755
576,3204
577,5522
577,4614
577,16525
577,11243
577,5395
577,8171
577,9630
577,15207
577,2197
577,10248
577,12905
577,8356
577,9782
577,12620
578,15908
578,1613
578,8757
578,3486
579,16724
579,16614
579,16918
579,13486
579,16456
579,14828
579,3722
579,14039
579,16887
579,1001
579,14299
579,12956
580,4944
580,7060
580,11556
580,6155
580,3323
580,14097
580,12253
580,10044
580,3058
580,2705
580,6257
580,16396
580,15626
580,14685
581,3457
581,10322
581,14222
581,14542
582,11731
582,10557
582,8259
582,10982
582,721
582,7312
582,11656
582,4597
582,4757
582,894
582,13977
582,3150
582,3229
582,15931
582,1057
582,5381
582,2170
582,10171
582,2258
583,7271
583,5184
583,16692
583,8121
583,487
583,9147
583,14726
583,13224
583,15070
583,12271
583,6080
584,3290
584,3791
584,10216
584,4588
584,2898
584,11145
584,11353
584,4083
584,3278
584,12639
584,3619
584,11042
584,9895
584,16354
584,10679
584,9173
585,14
585,9789
585,15806
585,5336
585,9985
585,13413
585,7173
585,11468
585,14393
585,16994
585,2562
585,1335
585,6723
585,2948
585,7384
585,627
586,8204
586,11520
587,5206
587,13189
587,10187
587,272
587,5050
587,6749
587,8664
587,7374
587,15097
587,15273
587,16769
587,6350
587,2588
587,9568
587,6806
587,8850
587,4954
587,10929
588,11303
588,71
588,12559
588,7771
588,9505
588,3847
588,12284
588,2816
588,11702
588,9432
588,8425
588,11013
589,13286
589,5469
589,8684
590,13054
590,6935
590,12786
590,8316
590,12096
590,16636
590,957
590,1877
590,8079
590,8813
590,16058
590,5068
590,11624
591,7310
591,7271
591,12730
591,10248
592,13294
592,15628
592,15435
592,9615
592,2219
592,243
592,10617
592,6415
592,13930
593,5836
593,3240
593,469
593,13750
593,3379
593,16461
593,6528
593,14764
593,1924
593,4703
594,2848
594,3554
594,4293
594,2565
594,6659
594,102
594,7544
594,10771
594,10682
594,14658
594,10262
595,13513
595,2564
595,4930
595,9791
595,841
595,9567
595,6015
595,14464
595,10783
595,8129
595,12196
595,3198
595,14344
595,4426
595,739
595,9297
595,13178
595,10935
596,7623
596,11535
596,5538
596,11530
596,14754
596,2528
596,3069
596,10285
596,4535
596,3358
596,5503
596,5620
596,773
597,7799
597,11966
597,4838
597,16673
597,685
597,6388
597,16000
597,3196
597,1392
597,14664
597,6693
597,5524
597,5452
597,8616
597,1913
597,3084
597,5533
597,896
597,100
598,6277
598,10829
598,13717
598,5793
598,775
599,9641
600,4204
600,8952
600,7256
600,1191
600,13922
600,16245
600,8437
600,6924
600,3886
600,9902
600,10649
600,12170
600,14194
600,9402
601,12459
601,10863
601,10698
601,15304
601,15874
601,6100
601,8733
601,1557
601,829
602,8292
602,11239
602,5247
602,10218
602,3505
602,14731
602,951
602,3292
602,8815
602,4846
602,6401
602,16689
602,9583
603,6330
603,4663
604,687
604,8783
604,1181
604,11612
604,7596
604,11014
604,11838
604,4176
604,5668
604,15645
605,9802
606,7636
606,8753
606,5231
607,5064
607,7842
607,213
607,12522
607,13660
607,5435
607,12660
607,14531
607,15549
607,12877
607,830
607,1013
607,10296
607,11347
607,16274
608,8384
608,3241
608,15192
608,6846
608,2820
608,14071
608,532
608,7767
608,3937
608,10620
608,13722
608,6784
608,5955
608,16248
608,12635
608,6409
609,8808
609,6051
609,7361
609,3703
609,5853
609,59
609,11442
609,16715
609,2528
609,1002
609,2799
610,13187
610,9970
610,13387
610,9397
610,15439
610,14256
610,1484
610,4432
610,6582
610,13910
610,610
610,13340
610,3912
610,8533
610,8219
611,10846
611,176
611,1787
611,15683
611,8831
612,14309
612,13895
612,15094
612,4819
612,620
612,14838
612,11575
612,5817
612,1902
612,584
612,15517
615,3085
615,958
615,6667
616,9164
616,12078
616,13801
616,1154
616,12045
616,15133
616,5785
616,3206
616,4582
616,11855
616,2900
616,7178
616,1046
616,16298
616,14271
616,10049
616,3933
617,12992
617,12594
617,9395
617,2202
617,15956
617,9912
617,803
617,8771
617,11772
618,7911
618,15887
618,3772
618,10174
618,13578
618,24
618,14691
618,9102
618,7510
618,14081
618,6912
619,8875
619,14487
620,1704
620,11570
620,7731
620,11764
620,14630
620,8361
620,14049
620,10164
622,10171
622,4144
623,14536
623,8802
623,13426
623,6668
623,7168
623,15146
623,16332
623,8084
623,4974
623,5181
623,10609
623,603
624,13616
624,13952
624,6147
624,224
624,13604
624,15209
624,12625
624,4616
624,5558
624,15307
624,9545
624,3644
624,2589
624,4802
624,897
624,2547
624,152
624,7294
624,1354
624,1094
625,199
625,10458
625,1127
625,14113
625,16355
625,12319
625,16060
625,10159
625,14729
625,3703
625,4497
625,7389
625,14204
625,12895
625,6798
625,4363
625,9432
625,15
625,9834
625,16906
626,3296
626,14872
626,1230
626,14128
626,9209
627,10229
627,11808
627,10706
627,10726
627,1872
627,14058
627,15775
627,515
627,1358
627,9244
627,13149
627,8704
627,7584
627,7515
627,11719
627,14978
627,12668
627,5915
627,1140
628,9278
628,16041
628,14174
628,8317
628,5958
628,155
628,2741
628,540
628,13715
628,2308
628,766
628,16251
628,12288
628,532
628,6721
628,14206
628,15901
628,14918
628,6236
629,2623
629,9053
629,16414
629,8982
629,12626
629,14660
629,10818
629,3050
629,2386
629,9163
629,6959
629,5251
629,1465
629,14849
629,3171
630,12499
630,6846
630,14141
630,2453
630,4327
634,15117
634,12939
634,14618
634,12958
634,2597
634,16101
635,3343
636,3945
636,2531
636,7224
636,14629
636,12651
636,5981
636,964
636,16671
636,10347
637,38
637,5677
637,10890
637,8496
637,1234
637,15273
637,14507
637,16156
637,11189
637,13991
637,5340
637,13018
637,12935
637,9703
637,8318
637,15366
637,7210
637,6599
637,11999
638,10670
638,9830
638,4641
638,2117
638,7658
638,13841
638,12717
638,10904
638,2797
638,2853
639,2738
639,4877
639,16819
639,6800
639,12048
640,12306
640,10892
640,16200
640,3213
640,2671
640,15426
640,4
640,8102
640,8386
640,5218
640,16851
640,4949
640,1360
640,8489
640,11609
640,11353
640,12462
640,15271
640,1239
640,15387
641,2463
641,9499
641,5426
642,8339
642,3297
642,11173
642,13996
642,13172
642,3685
642,5265
642,12420
643,15497
643,14172
643,3830
643,11061
643,9652
643,16911
643,4701
643,11331
643,6216
644,16263
645,10588
645,9915
645,9037
645,2509
645,12120
645,6376
645,2904
645,11156
645,9711
645,14227
645,11429
645,10219
645,2320
645,8304
645,6068
646,12192
646,12162
646,2385
646,1416
646,4312
646,10838
646,1582
646,246
646,6692
646,5504
646,9302
646,13515
646,13070
646,3106
646,3132
646,1515
646,10363
646,7735
647,734
647,4324
647,9671
647,5218
647,13724
647,11345
647,8045
647,12092
647,12964
647,8766
647,4199
647,9779
647,15430
647,9514
647,1496
647,1326
648,8106
648,9067
648,6730
648,4296
648,11524
648,6180
648,3007
648,9697
648,8869
648,16937
648,11675
648,620
648,5614
648,8248
648,265
648,5907
648,2781
648,9908
648,16512
648,9336
649,6944
649,11057
649,5672
649,15761
649,7390
649,8580
649,3665
649,3929
649,5864
650,13110
650,2489
650,1224
650,974
650,7393
650,14230
650,1587
650,16178
650,10857
650,3933
650,7129
650,1643
650,14064
650,12787
651,2844
651,3123
651,13684
651,10004
651,1464
651,10577
651,5091
651,7082
651,16453
651,11197
651,4023
651,6624
651,16717
651,10405
651,15985
651,7064
651,1470
651,10973
651,1646
652,7046
652,14297
652,1395
652,12619
652,8568
652,6790
652,2652
652,3953
652,3423
652,10022
652,6523
653,9478
653,2706
653,10018
653,15651
653,7839
653,6446
653,14008
653,11371
653,4126
653,3358
653,12981
653,15325
653,16393
653,4185
653,16923
653,8587
653,12416
653,2552
653,15178
654,2616
654,15743
654,16888
654,15913
654,7732
654,15297
654,5998
654,11531
654,3335
654,11172
654,3958
654,12743
654,14092
654,7584
654,12812
654,12141
654,16324
654,3742
654,13897
654,3463
655,4742
655,15921
655,1050
655,340
655,3013
656,12537
656,5884
656,5783
656,5078
656,14820
656,11013
656,13438
656,13771
656,4163
656,15197
656,15083
656,9080
656,8417
656,4945
656,14988
656,8637
656,6890
656,5655
657,84
657,3396
657,485
657,16874
657,8922
657,12542
657,11127
657,9233
657,12153
657,14809
657,13940
657,10249
657,13959
657,9463
657,9327
658,10537
658,4205
659,7717
660,3739
660,5336
660,4267
660,13644
660,8818
660,3572
660,16244
660,479
660,7361
660,16664
660,9600
660,808
660,6911
660,2653
660,9179
660,6524
660,4534
661,3582
661,15190
661,7932
661,3215
661,9655
661,12325
661,14091
661,9646
661,16457
661,4333
661,13629
661,8526
661,9456
661,8982
661,9544
662,1393
662,9843
662,1274
662,223
662,13719
662,7430
662,13936
663,1147
663,4938
663,3430
663,6341
663,16225
663,221
663,2752
663,13535
663,4415
664,12857
664,16815
664,4388
664,3597
664,15299
664,1161
664,2473
664,2775
664,11067
664,3658
665,3160
665,8916
665,13051
665,3005
665,14129
665,13956
665,16971
665,14630
665,11561
665,217
665,11396
665,11557
665,9434
665,1860
665,11490
665,7081
665,5899
666,3451
666,3440
666,2061
666,15149
666,2460
666,8898
666,4285
666,11846
666,3744
666,5464
666,14622
666,3465
666,9191
666,7950
667,7144
667,1787
667,16950
667,14528
667,2693
667,8216
667,16689
667,758
667,13713
668,4950
668,2894
668,5825
668,7989
668,14475
668,693
668,13348
668,6864
668,8543
668,9914
668,15840
668,2201
668,13646
668,9891
669,12684
669,562
669,13417
669,7722
669,676
669,13372
669,9165
669,760
669,13728
669,9503
669,11520
669,10354
670,2555
670,16413
670,8384
670,6022
670,16884
670,6845
670,1783
670,16003
670,8770
670,10111
670,8551
670,839
670,12911
670,4938
670,10141
671,12387
671,5007
672,5160
672,780
672,4346
672,7592
672,11518
672,6967
672,9894
672,7715
672,10271
672,16731
672,11616
672,2003
672,13400
673,10670
673,3086
673,5916
673,15785
673,15069
673,10208
673,15651
673,14170
673,2394
673,14653
673,5336
673,10641
673,2768
674,9475
674,5459
674,16145
674,8650
674,14905
674,10226
674,14143
674,16833
674,8017
674,16309
675,12529
675,14938
675,10797
675,3327
675,9202
675,1299
675,10546
675,15784
675,1502
675,13020
675,5196
677,11682
677,2488
677,3080
677,15517
677,15684
677,5150
677,4427
678,15493
678,7026
678,7812
678,3480
679,15679
679,812
679,12100
679,13333
679,4276
679,15697
679,3129
680,1015
680,9015
680,16961
680,3683
680,4026
680,1391
680,16459
681,7390
681,10461
681,8291
681,4802
681,6196
681,14956
681,6285
681,10720
681,11539
681,9041
681,944
681,9873
681,1528
681,14871
681,16379
682,9227
682,10230
682,2808
682,9923
682,4009
682,10090
682,6400
682,4428
682,8160
682,981
683,11027
683,16285
683,1046
683,464
683,1554
683,10716
683,2911
683,12725
683,11897
683,9475
683,6232
683,8395
683,9683
683,1432
683,1102
684,5392
684,6475
684,6810
684,15277
684,3422
684,4480
684,16628
684,11637
684,8213
686,7066
686,1925
686,10148
686,11012
687,10472
687,649
687,3926
687,6360
687,12984
687,2909
687,10740
687,8062
687,16533
687,16133
687,2877
687,5170
687,11106
687,16629
687,1830
687,6153
687,16632
687,3416
688,1818
688,4473
688,2568
689,220
689,6433
689,11069
689,10566
689,3864
689,9896
689,13234
689,2387
689,9374
689,7496
689,6524
689,901
689,7772
689,5107
689,16737
689,2634
690,918
690,7017
690,8692
690,587
690,4566
690,12416
690,13938
690,5541
690,7806
690,909
691,10442
691,16754
691,9389
691,4341
691,15663
691,15676
691,7670
691,81
692,15357
692,4494
692,10318
692,9913
692,8443
692,12985
692,11631
692,16405
692,6686
692,12924
692,9670
692,4033
692,16544
693,3659
693,7419
693,13204
693,195
693,3045
693,4171
693,8964
693,3407
693,12392
693,11672
693,1064
693,14127
693,2036
694,11743
694,7469
694,12487
694,9306
694,5293
694,5591
695,1884
695,11628
695,1943
695,16206
695,920
695,1592
695,5590
695,240
695,8017
696,12523
696,11674
696,9529
696,15145
697,15950
697,15756
697,13451
698,9037
698,8956
698,9253
698,10022
698,6194
698,14300
698,15540
698,4687
698,3920
699,11189
699,16365
699,5624
699,8438
699,16760
699,13297
699,6795
700,6478
701,909
701,11921
701,6481
702,10037
702,3437
702,1119
702,8966
702,9876
702,10647
702,6643
702,2306
702,6848
703,509
703,4591
703,6728
703,7169
703,12081
703,16421
703,5917
703,7628
703,4635
703,9543
703,12439
703,723
703,13753
703,9530
704,9813
704,8609
704,10168
704,8171
704,5056
704,16990
704,9532
704,2873
704,10349
705,12789
705,5526
705,9568
705,14376
706,16368
706,13633
706,9563
706,16887
706,4871
706,13900
706,1902
706,4634
706,11212
706,16645
706,9888
706,10376
706,12253
706,840
706,16040
706,11357
707,477
707,10887
707,8985
707,15686
707,7019
707,84
707,10481
707,5617
707,9782
707,9223
707,8316
707,14496
707,384
707,4638
707,10575
707,552
707,16519
707,9079
708,16405
708,6938
708,9578
708,3246
708,2186
708,6865
709,13565
709,10529
709,5787
709,11264
709,7323
709,9624
709,7743
709,10718
709,15881
709,10658
709,14510
709,7910
709,3242
709,10886
709,15747
709,15307
709,743
709,4257
709,4435
709,13328
710,15034
710,5040
710,13517
710,6237
710,5362
710,15962
710,11252
710,5429
710,7383
710,13463
710,8679
710,2788
710,3160
710,2916
710,3480
710,15823
710,11208
710,16516
711,5476
711,15235
711,14611
711,15644
711,11607
711,14119
711,8215
711,13237
711,1261
711,9329
711,3733
711,10520
711,7806
711,13677
711,5862
711,1968
712,8441
712,13873
712,2890
712,5579
712,13291
712,11635
712,14165
712,14152
713,8221
713,6846
713,13554
713,12739
713,11442
713,15720
713,6535
713,10156
713,3507
713,8271
713,560
713,10989
714,5217
714,11074
714,8432
714,2742
714,16197
714,5171
714,5846
715,11317
715,8622
715,6084
715,14217
715,14287
715,10437
715,14087
715,11512
715,10460
715,11151
715,6736
715,6175
715,3843
715,3594
715,5013
715,1395
716,6306
716,15414
716,16514
716,16637
716,8207
716,8722
716,1956
716,7816
716,588
716,2682
716,9839
716,16225
716,13275
716,8580
716,5868
716,6460
716,15662
716,4336
717,987
717,15370
717,15217
717,11481
717,2993
717,10284
717,6359
718,15789
718,10579
718,6092
718,4564
718,13782
718,467
719,230
719,12246
719,7337
720,15318
720,7205
720,6281
720,2305
720,10295
720,6205
720,13275
720,8549
720,7476
721,9121
721,6861
721,13718
721,13053
722,2188
722,8428
722,15641
722,11696
722,7572
722,13016
722,15335
722,5
722,16694
722,9052
722,5741
722,496
722,8218
722,7005
722,11367
722,3325
722,2093
722,16907
723,10683
723,7472
723,15303
723,9723
723,1403
723,3628
723,461
723,3290
723,13195
723,11667
723,3673
724,4406
724,8948
724,10071
724,13808
724,7331
724,15852
724,9866
724,16667
724,727
724,10841
724,11524
724,7828
724,15537
724,13819
725,12872
725,9994
725,15983
725,4947
725,5323
725,15657
725,8735
726,15102
726,14748
727,10130
727,4388
727,3551
727,16262
727,15313
727,1570
727,16135
727,11529
727,7266
727,8491
727,8776
728,16147
728,13054
728,13311
728,5515
728,11339
728,3666
728,11060
729,13
729,387
729,16887
729,4833
729,14671
729,951
729,14345
729,8214
729,7921
729,2869
729,9959
729,3851
729,9358
729,10785
729,32
729,2693
729,15888
729,1684
730,7521
730,8799
730,1254
730,1358
730,4473
730,3132
730,3831
730,6310
731,2648
731,4485
731,960
731,1717
731,12880
731,9942
731,3399
731,15036
732,9363
732,4633
732,14805
732,8374
733,13973
733,10382
733,15164
733,16633
733,5643
734,12505
734,218
734,7481
734,16030
734,3817
736,2916
736,9669
736,640
736,10170
736,1668
736,2415
736,6779
736,3617
736,2364
736,12321
736,5135
736,5350
736,2707
737,16672
737,15699
737,15588
737,6531
737,11426
737,12133
738,716
738,1127
738,1376
738,16869
738,2064
738,10468
738,3500
738,5609
738,2318
738,8104
738,12044
738,9577
738,4616
738,2021
738,614
738,306
738,8647
738,2604
739,60
739,10070
739,1395
739,12143
739,3363
739,3270
739,13476
739,5790
739,4522
739,13321
739,10148
739,6484
739,6834
739,2216
739,12863
739,12841
739,4847
740,10476
740,12450
741,13560
741,10958
741,11669
741,2735
741,14905
741,14621
741,14633
741,15912
741,3823
741,1371
741,7059
741,138
741,3464
741,6422
741,3407
741,4629
741,7213
741,12603
741,15065
741,5403
742,5133
742,15921
742,16143
742,14803
742,1420
743,10895
743,12128
743,13430
743,15925
743,12465
743,16689
743,1835
743,10817
743,7633
743,9275
743,10257
743,3813
743,10020
743,11739
743,15146
743,90
744,4317
744,412
744,10067
744,4075
744,12251
745,4753
745,10973
745,8893
745,5784
745,12826
745,3264
745,10873
745,7014
746,529
746,9112
747,8320
747,14526
747,6246
747,872
747,8712
747,11912
747,15526
747,6727
747,44
748,9397
748,9839
748,9295
748,1360
748,15032
748,521
748,5931
748,14550
748,744
748,9314
748,9940
749,15888
749,11750
749,10871
749,10728
749,1796
749,11979
749,12722
750,1827
750,13314
750,7991
750,11715
750,9004
750,9290
750,7411
750,2111
750,1637
750,1007
750,16353
750,6676
751,2451
751,4577
751,4491
751,8180
751,5203
751,6530
751,155
751,1673
751,855
751,9441
751,5278
751,14110
751,16925
751,16339
751,7209
751,7463
752,2122
752,1657
752,4182
752,1348
752,6013
752,7137
752,6542
752,9534
752,3378
752,7666
752,9641
752,10467
752,14010
752,5658
752,8535
752,13146
752,2787
752,1099
753,9867
753,172
753,16067
753,12014
753,5131
754,16256
754,11105
754,14763
754,6420
754,2751
754,5542
754,10842
754,15817
754,6049
754,2408
754,8867
754,16203
754,12527
754,202
754,8684
754,13942
755,16532
755,16363
755,7526
755,12067
755,12932
755,296
755,7362
755,16228
755,831
755,15279
755,6183
755,14771
755,3251
755,10878
755,6609
755,16224
755,6748
755,13744
755,9091
755,1080
756,12486
756,8795
756,11162
756,12209
756,15148
756,4544
756,5277
756,9345
756,964
756,1281
756,726
756,16298
756,8345
756,2391
756,15549
757,8762
757,16039
757,1717
757,3044
757,14478
757,12823
757,15464
757,11212
757,14992
757,16288
757,5156
757,4758
757,16653
758,15640
758,10007
758,12663
758,4592
758,4616
758,10972
758,2132
759,14137
759,912
759,4394
760,2328
761,4784
761,5806
761,9750
761,14188
761,14145
761,1410
761,2009
761,11501
761,10347
761,4410
761,16558
761,15216
761,10428
761,2011
762,13300
762,8233
762,13028
762,12678
762,978
762,204
762,14559
762,5771
762,11222
762,10755
762,13829
762,3077
762,5236
762,5710
762,2833
762,2988
762,2008
762,4810
762,16743
762,16080
763,16226
763,15228
763,8722
764,14045
764,14352
764,6274
764,13222
764,6881
764,6487
765,2628
765,1648
765,8762
765,11474
765,3574
765,3504
765,1050
765,15028
765,13410
765,9704
765,9502
765,16851
765,10958
765,6691
765,10731
765,12817
765,1892
765,4922
766,16337
766,8597
766,6940
766,1704
766,12327
766,930
768,16846
768,6130
768,4446
768,16052
768,12435
768,12050
768,14432
768,10946
768,13075
769,13401
769,11046
769,6674
769,953
769,4354
769,15356
769,14422
769,5373
769,13813
769,13093
769,13517
769,2724
769,7109
769,14891
769,405
769,4899
769,5521
770,10684
770,12667
770,1898
770,8722
770,3947
770,12464
770,4387
770,9063
770,2604
770,16731
771,11283
771,8564
771,712
771,16809
771,7509
771,10065
771,3569
771,6143
771,5374
771,10485
771,5635
771,2345
771,5077
771,8948
771,118
771,339
771,8107
772,7571
772,10960
772,2682
772,9212
772,14536
772,4197
772,8763
772,62
772,1812
772,12993
772,8770
772,12628
772,8094
772,6025
773,2827
773,1291
773,16371
773,8907
773,10753
773,13290
773,8649
773,1338
773,4139
773,15748
773,14678
773,12131
773,357
773,6473
773,3630
773,7827
773,12861
774,16109
774,14829
774,15826
774,13374
774,2951
774,10039
774,11424
774,11114
774,5429
774,14453
775,10635
775,864
775,15045
775,432
775,16489
775,10403
775,14273
775,3646
775,6393
775,205
775,10974
775,13234
775,11545
775,11020
775,11738
775,14043
776,2178
776,11561
776,9703
776,15050
776,2738
776,15450
776,14420
776,10397
777,14653
777,10942
777,14742
777,14492
777,3198
777,7779
777,12482
777,6193
777,683
777,1590
777,11454
777,1272
777,4968
777,9502
777,6600
778,2117
778,3704
778,5518
778,9653
778,7757
778,2588
778,579
778,11424
778,15108
778,5203
778,10185
778,6041
778,8963
778,10024
778,9909
778,6901
778,8755
778,3143
778,5064
778,11599
779,5474
779,1530
779,10987
779,636
779,2030
779,7293
779,8484
779,11372
779,743
779,2461
779,10979
779,868
779,5848
779,2026
779,12344
779,10507
779,3301
780,1633
780,15236
780,14271
780,363
780,13909
780,6518
780,1292
780,7538
780,3602
780,621
780,9138
780,15468
780,10311
780,8281
780,9964
780,738
780,10885
780,11928
781,16237
781,7134
781,7447
781,11213
781,6688
781,3804
781,7361
781,13825
781,228
782,14933
782,15187
782,15559
782,5006
782,16071
782,14951
782,12802
782,4565
782,9154
782,9176
782,446
782,3745
782,3
782,8093
782,14207
782,15266
782,6140
782,10960
783,3677
783,7741
783,5646
783,12280
783,5853
783,9284
783,13414
783,4396
783,12420
783,12056
783,5722
783,12065
783,7908
783,8973
783,11264
783,1497
783,9517
783,11407
783,11792
784,2618
784,9964
784,3307
784,9998
784,85
784,12772
784,7266
784,5366
784,4673
784,6962
784,12585
784,7651
784,12338
784,9568
784,13146
784,4030
784,9524
784,6027
784,11755
785,14735
785,14385
786,7136
786,7440
786,13621
786,11824
786,16910
786,16746
786,766
786,12935
786,7209
786,10153
787,11461
787,12004
788,8007
788,13015
788,10127
788,2358
788,3672
788,3629
788,16026
788,3017
788,4039
788,7332
788,979
788,8602
788,8135
788,2106
788,6885
788,13947
788,12837
788,6321
788,4862
789,1429
789,3472
789,10412
789,1685
789,1956
789,3944
789,14056
789,12290
790,4784
790,16912
790,14026
790,2187
790,5460
790,13917
790,7656
790,2303
790,12012
790,11744
790,16017
790,2474
791,12224
791,5887
791,16522
791,2290
791,15201
791,1039
791,8098
791,4727
791,13464
791,1194
791,16235
791,8101
791,474
791,15109
791,4005
791,4227
791,16346
791,3651
791,4540
791,1480
792,14606
792,6238
792,1062
792,4386
792,7309
792,8612
792,13753
792,3079
792,11312
792,11955
792,3176
792,13303
792,14166
792,3411
793,1997
793,16200
793,9750
793,8672
793,15524
793,2888
793,10367
793,5858
793,11908
793,10934
793,6428
793,15033
793,2487
793,1371
793,12125
793,6261
793,14180
794,1013
794,8918
794,6265
794,15342
794,3158
794,12358
794,2818
794,14730
794,2124
795,5965
795,14383
795,11610
795,5763
796,16222
796,3378
796,9551
796,6481
796,15861
796,7461
796,3234
796,12289
797,13688
797,12422
797,2133
797,2417
797,12377
797,10489
797,4437
797,6370
797,7387
797,8815
797,7531
797,2836
797,3292
797,7364
797,8947
797,14683
797,10886
797,4240
798,2338
798,14206
798,9082
798,1501
798,4317
798,1012
798,1212
798,3604
798,15492
798,9615
798,1742
798,579
798,11294
798,15086
798,12509
798,14974
799,10552
799,8127
799,13957
799,15363
799,12843
799,10438
799,12093
799,3993
799,243
799,1326
799,13222
799,2618
799,16700
799,10834
799,13753
800,2142
800,13503
801,11908
802,4437
802,7286
803,4523
803,15603
803,15413
803,9860
803,6663
803,12905
803,7655
803,3264
803,1210
803,6253
803,16620
803,6613
803,9124
804,16806
804,9220
804,3465
804,12856
804,11452
804,9863
804,203
804,7952
804,1302
804,9754
804,1516
804,5277
805,9024
805,2012
807,3993
807,7395
808,2448
808,92
808,9767
808,3737
808,15596
808,1546
808,6883
809,2616
809,111
809,11708
809,8441
809,15808
809,10720
809,12321
809,6785
809,8566
809,8647
809,10361
809,10868
809,6967
809,15943
809,9271
809,8081
809,8051
809,12747
810,2387
810,14496
810,9433
810,10433
810,14615
810,3590
810,15561
810,10887
810,7299
810,12542
810,1580
810,3844
810,4205
810,13568
811,120
811,11542
812,882
812,15547
812,11488
812,5300
812,9043
812,15786
812,7405
812,14955
812,1851
812,7055
812,3441
812,11931
812,10287
812,16437
812,5951
812,12945
812,1618
812,5370
813,9784
813,4638
813,12610
813,14333
813,15598
813,9782
813,15486
813,6951
814,4619
815,4104
815,13631
815,16972
815,5271
815,12773
815,15054
816,2691
816,1264
816,15310
816,16346
816,1737
816,7907
816,16684
817,3802
817,302
817,1707
817,13725
817,4750
817,3566
818,13169
818,12142
818,4277
818,2181
818,7176
818,11155
818,14138
818,7299
818,6661
818,11606
818,16003
818,1747
819,186
819,14144
819,1857
819,13959
819,13308
820,9676
820,8999
821,8800
821,14532
821,4430
822,1183
822,12385
822,5340
822,7756
822,14659
823,10946
823,5853
823,1938
823,13671
823,7729
823,12183
824,16242
824,16568
824,16986
825,12002
825,901
825,16811
825,959
825,282
825,9944
825,10731
825,1061
825,2420
825,1213
825,4890
825,14568
825,890
825,1763
825,15875
825,16680
826,7833
827,5088
827,8529
827,4634
827,1671
828,28
828,16300
828,10304
828,13545
828,999
829,12198
829,6177
829,4935
829,14547
829,10953
829,13628
829,3268
829,15888
829,4488
829,832
829,2814
829,2563
829,11545
829,11768
829,2675
829,6712
829,3050
829,16094
829,1581
830,11037
830,11068
830,12409
830,2634
830,586
830,9389
830,4738
830,245
830,2461
830,11713
830,1594
830,8154
830,11294
830,3191
830,11752
830,14535
830,12545
830,8321
830,4570
831,2172
831,15990
831,2988
831,4575
831,9965
831,5498
831,7892
831,5237
831,14222
831,16945
831,15203
831,10311
831,14162
832,6378
832,16353
832,5549
832,11267
832,5978
832,5964
832,2511
832,12710
832,9105
832,1899
832,13730
832,2203
832,13952
832,5917
833,10252
833,15227
833,7438
833,14628
833,16212
833,13234
833,6084
833,12635
833,11829
833,9703
834,12539
834,7681
834,4619
834,8267
834,5657
834,2617
834,13040
834,12902
834,8905
834,9515
834,7537
834,16711
834,916
834,9298
834,11089
835,156
835,10494
835,12899
835,9477
835,15384
835,14834
835,14782
835,15282
835,10103
835,13305
835,7343
835,13846
835,8403
835,3404
835,13443
835,2476
835,3149
835,13583
835,5754
836,8781
836,10314
836,10774
836,2021
837,9462
837,5702
837,14323
837,4167
837,6768
837,15440
837,7396
837,6893
837,1291
838,7707
838,16094
838,1810
838,7894
838,1287
838,893
838,11466
838,13996
839,854
839,4210
839,12027
839,9073
840,13026
840,14479
840,4899
840,16802
840,7913
840,7752
840,5202
840,10441
840,894
840,15163
840,9774
840,14330
840,602
840,7861
840,5916
840,15169
841,16062
841,620
841,13427
841,5878
841,15132
841,4587
841,8367
841,12943
841,3977
841,954
841,8755
841,7359
841,8977
841,3566
841,14558
841,12534
841,11559
841,16022
843,8368
843,14174
843,1406
843,13321
843,9210
843,14983
843,2476
843,11626
843,3712
843,12852
843,14176
843,7065
843,3930
844,5880
844,9507
844,2351
844,6667
844,2629
844,5579
844,668
844,2161
844,15189
844,7172
845,16249
845,16624
845,9124
845,4387
845,1601
845,4734
846,5837
846,11942
847,10604
847,753
847,1725
847,11700
847,3602
847,15851
847,15658
847,998
847,10833
847,14911
847,9840
847,15588
847,12904
847,3573
847,2052
847,8049
848,5593
848,6067
848,8496
848,11914
848,3706
848,6717
848,10553
848,14336
848,14005
848,1181
848,9261
848,1474
848,3786
848,4083
848,10565
848,14929
848,10443
849,2507
849,10276
849,4643
849,2639
849,16169
850,6489
850,13215
850,3251
850,14631
850,4041
850,5211
850,2412
850,5744
850,10382
850,6975
850,2688
851,110
851,15119
851,15023
852,13357
852,16789
852,12435
852,14219
852,5400
852,9520
852,479
852,2023
852,4096
852,13654
852,9277
852,11091
852,4031
852,6642
852,5873
853,5743
853,10111
853,5751
853,4361
853,2628
853,13380
853,14337
853,10879
853,864
853,3470
853,4488
853,6202
853,342
853,1218
853,8516
854,15789
854,12351
854,8292
854,15708
854,8791
855,2169
855,2489
855,15513
855,4448
855,5053
855,2650
855,5926
855,15218
855,810
855,11175
855,6316
855,13561
855,15971
855,1271
856,5813
856,10901
856,9779
856,11404
856,5975
856,15587
856,6659
856,5250
857,5291
857,8589
857,4423
857,10484
857,751
857,10485
857,6790
857,16128
857,14006
857,16230
857,12696
857,16032
857,3140
857,4518
857,5753
857,13702
858,11487
858,13241
858,1512
858,15852
858,6426
858,12843
858,915
858,16910
858,13619
858,8211
858,7427
858,3430
858,14277
859,16571
859,14709
859,2799
859,11676
859,6097
859,6876
859,8353
859,13026
859,3830
859,3889
859,15808
859,1517
859,14828
859,15752
859,8680
860,558
860,16119
861,15591
861,8930
861,6324
862,5821
862,14656
863,261
863,90
863,11521
863,2188
863,12898
863,5855
863,14976
863,10382
863,11512
863,1426
863,10555
863,11622
863,15970
863,6906
863,16290
863,3101
863,4638
864,212
864,11121
864,1152
864,10895
864,5137
864,4870
864,1748
864,4810
864,7373
864,4114
864,6298
864,3513
864,15519
864,13586
864,1442
864,8488
864,13373
864,6985
865,189
865,10858
865,4677
865,2953
865,8260
865,14123
865,13164
865,15118
865,208
865,4859
865,8517
865,838
865,505
865,4451
865,954
865,11981
865,3369
865,1430
865,5848
866,13136
866,14381
866,16373
866,8789
866,5694
866,9062
866,1291
866,4493
866,2585
866,857
866,1836
866,12029
866,5870
866,3278
866,7903
866,2451
866,15058
866,14576
866,7421
867,3310
867,12493
867,9007
867,7804
868,2768
868,7172
868,4103
868,8545
868,7201
869,2277
869,8998
869,15505
869,11663
869,10027
869,16298
869,3078
869,11916
870,9973
870,14376
870,3599
870,14683
870,5175
870,10805
871,7922
871,11730
871,10640
871,6029
871,13798
871,2622
872,16858
872,5124
872,5646
872,13963
872,8178
872,798
872,5839
872,16409
872,1587
872,9386
872,15031
872,9205
872,4962
872,9670
872,7803
872,1424
872,16580
872,1111
872,1288
872,12838
873,6115
873,10961
873,7266
873,6832
874,10607
874,4723
874,11780
874,1906
874,1985
874,13975
875,14758
875,870
875,16828
875,16252
875,10258
875,15960
875,2190
876,5106
876,5753
876,14246
876,8893
876,1472
877,10562
877,6362
877,4942
878,11408
878,10305
878,9429
878,1595
878,16703
878,6250
878,214
878,8511
878,4543
878,10730
878,7827
878,16745
878,919
879,6576
879,9001
879,12422
879,8004
879,150
879,6182
879,12410
879,16317
879,4954
879,11025
879,6583
879,14486
879,6158
879,9967
879,14514
879,4974
879,12284
880,13980
880,2386
880,838
880,16646
880,1120
880,1516
880,9811
880,12760
880,11360
880,5028
880,10686
880,14633
880,5732
880,11404
880,5139
880,9529
881,5686
881,11529
881,16034
882,5278
882,7922
882,3578
883,15746
883,8289
883,3768
884,1183
884,7073
885,2340
885,4494
885,1941
885,279
885,2989
885,3274
886,10440
886,1136
887,10550
887,1722
888,6342
888,5166
888,5611
888,9293
888,9505
888,193
888,7820
888,8635
888,2520
888,5489
888,14103
888,8289
888,15094
888,2847
888,171
888,11893
888,4772
889,7273
889,9615
890,14953
890,8446
890,12582
890,13163
890,5174
890,11252
890,12206
890,13741
890,5023
891,12745
891,5434
891,12954
891,6102
891,5330
891,5861
891,3218
891,11622
892,453
892,14232
892,8150
892,9540
892,13814
892,10743
892,11354
892,9086
892,4744
892,11755
892,13094
892,10429
892,14460
892,4859
893,812
893,7951
893,8490
893,15900
893,13055
893,2176
893,1294
893,15580
893,5195
893,15103
893,14220
893,10610
893,8248
893,5842
894,432
895,10396
895,8191
895,1721
895,9651
895,6330
895,8671
895,10795
895,10133
895,7906
896,16089
896,5990
896,10862
896,9681
896,11990
896,10492
896,10334
896,13653
896,10224
896,11605
896,3655
896,235
897,9928
897,9406
897,13621
897,13870
897,5157
897,7013
897,16385
897,7817
897,1478
897,14604
897,12146
897,11051
897,5395
897,16403
897,8049
897,16014
897,10245
898,10041
898,5593
898,9435
898,3890
898,13918
898,5548
898,7972
898,14443
898,2239
898,3073
898,1730
898,9925
898,7215
898,2319
898,3821
899,8640
899,13881
899,13417
899,10278
899,11047
899,13237
899,9039
899,3959
899,943
899,3472
899,5200
900,3896
900,15510
900,1417
900,7238
900,7160
900,11012
900,13668
900,9600
900,15546
900,4101
900,10937
900,15425
900,11100
900,9495
900,1091
901,4180
901,13324
901,14740
901,5781
901,1588
901,3708
901,15492
901,16088
901,11246
901,14116
901,15418
901,6480
901,5605
901,7459
901,3775
901,10570
901,11790
901,7659
901,135
902,14545
902,12217
902,8060
902,214
902,2527
902,351
902,4503
902,15594
902,13514
903,6960
903,4475
903,809
903,6959
903,1515
903,15917
903,13610
903,3405
903,12782
903,5362
903,1999
903,11132
903,3476
903,14907
903,12846
903,5100
903,12532
904,2952
904,8052
904,16962
904,904
904,15921
904,9741
904,12960
904,5274
904,3567
904,6836
904,13393
904,9630
904,10234
904,8146
904,7736
904,10994
904,3961
904,10455
904,10753
905,12660
905,14926
905,7467
905,14442
905,12437
905,10346
905,1995
905,4642
905,14870
905,14155
905,2077
905,15822
905,1940
905,425
905,3151
905,11890
905,14292
905,8653
905,4638
906,4985
906,14250
906,7292
906,16940
906,16958
906,10508
906,16878
906,8241
906,10662
906,7206
906,14451
906,12139
906,5526
906,4523
906,6842
906,13339
906,1597
906,11495
906,15250
907,8343
907,46
907,14700
907,5193
907,13451
907,10074
907,15195
908,7276
909,2249
909,16525
909,4455
909,5782
909,1782
909,8987
909,3298
909,13801
909,12096
909,7173
909,9282
909,14494
909,2057
909,5598
910,9599
910,11633
910,15742
910,5776
910,11875
910,5307
910,963
910,13617
910,13642
910,3498
910,7693
910,9351
911,3826
911,1619
911,12558
912,4354
912,2147
912,6826
912,11857
912,10735
912,16759
912,12374
912,16938
912,903
912,12132
913,12799
913,1564
913,5767
913,4900
913,3428
913,2200
914,16264
914,7332
914,13566
914,11774
914,7368
915,3470
915,6548
915,3518
915,8621
915,15289
915,7987
915,14435
915,13306
915,3203
916,1894
916,14210
917,13820
917,9724
917,6476
917,28
917,7122
917,1743
917,4720
917,13571
918,13945
918,3714
918,7882
918,14562
918,5771
918,7425
918,13112
918,1921
918,13392
918,8099
918,13315
918,8726
918,10300
918,9042
918,12908
918,9197
919,13140
920,11802
920,2465
920,413
920,16124
920,16500
920,3014
920,5849
920,10058
920,8904
920,8604
920,8519
920,7145
920,7601
921,5837
921,6293
921,12734
921,12384
921,15267
921,2206
921,14780
921,6639
921,607
921,16828
921,10907
922,11720
922,7128
922,7484
922,6943
922,11123
922,15057
922,6985
922,1289
922,5745
923,5765
923,15338
923,4952
923,12174
923,7803
923,10296
923,3011
923,8239
923,15518
923,16738
923,9761
923,3144
923,10556
923,13511
923,13018
923,9586
923,7316
923,4382
923,9908
925,6306
925,12489
925,6521
925,2639
925,1449
925,8234
925,10270
925,3221
925,2325
925,4964
925,5151
925,2383
925,5074
925,13972
925,9656
926,4358
926,2329
926,10496
926,1527
926,11619
926,15209
927,5135
927,10352
927,8686
927,3268
927,13486
927,14529
927,10097
927,14186
928,3793
928,14223
928,4970
928,5859
928,3074
929,8614
929,12147
929,2540
929,1630
929,16873
929,12825
929,9962
929,5903
929,16212
929,11647
929,12659
930,9616
930,9901
930,5436
931,418
931,15982
931,2799
931,10931
931,1746
931,3946
932,7240
932,10433
932,7326
932,12177
933,13100
933,15029
933,15970
933,11461
933,15926
933,12506
933,5793
933,15405
934,3002
934,5106
934,10499
934,12318
934,4260
934,14796
934,11352
935,8788
936,10433
936,15279
936,10642
936,9734
936,1037
936,10360
936,10619
936,5410
936,8517
936,10832
936,5462
936,11756
936,10098
936,2924
936,1249
936,11356
936,10030
936,315
937,7668
937,16695
937,16807
938,5793
938,12813
938,13847
938,1135
938,11744
938,5733
938,508
938,556
938,10178
938,4006
938,15773
938,11922
938,13943
938,1814
938,9362
938,13115
938,12859
939,8031
939,13605
939,12503
939,5725
939,11649
939,3669
939,11670
939,9386
939,11778
939,6739
939,9266
939,15202
939,1356
939,13324
939,3630
939,15503
940,7277
940,11333
940,12318
940,11679
940,2460
940,11145
940,8828
940,4803
940,8985
940,7314
940,15984
940,7120
941,31
941,12433
941,5285
942,7668
942,6881
942,13384
942,16827
943,8
943,13289
943,5032
943,2339
943,7569
943,478
943,8307
943,4734
943,13719
943,10708
943,1050
943,6817
943,13055
943,4371
943,16829
943,13997
944,6859
944,2054
945,688
945,9752
945,13589
945,3238
945,722
945,7546
945,3432
945,2006
945,11141
945,8618
945,5525
945,13676
945,12450
945,1090
945,213
945,2674
945,5312
945,6224
945,3665
945,4314
946,11257
946,15525
946,12036
946,3558
946,4895
946,4630
946,9175
946,58
946,4422
946,16412
946,3534
946,11750
947,9760
947,16848
947,11048
947,14250
947,7661
947,10399
947,14771
947,3621
947,4223
948,1950
948,6364
948,9197
948,12072
948,15375
948,10927
948,12711
948,5329
948,9352
948,10758
948,8163
948,16778
948,14560
948,11767
948,14961
948,13298
948,6631
948,2709
950,12563
950,16426
950,6330
950,2594
950,16013
950,16591
950,6501
950,12511
950,9204
950,10106
950,4049
950,13086
950,9246
952,1447
952,15606
952,7301
952,1736
952,14983
952,15838
952,1364
953,15164
953,2261
953,8106
953,2235
953,4608
953,9802
953,4644
953,13530
953,11958
953,2251
953,1981
953,11682
953,4230
953,13717
953,12189
953,14902
953,16854
953,13315
953,10044
953,13029
954,15184
954,2609
955,11598
955,13166
955,14508
955,12456
955,8546
955,9961
955,11581
955,12483
955,1123
955,3699
955,1436
956,686
956,13383
956,12262
956,12863
956,8830
956,15145
956,5151
956,16825
956,1862
956,15271
956,2036
956,5348
956,6385
956,11836
956,8455
956,4880
956,1196
956,2072
956,6527
956,1577
957,12591
957,3969
957,16175
957,11059
957,1769
957,2124
958,4479
958,14787
958,9506
958,8274
958,11377
958,11367
958,2934
958,2041
958,2466
958,8478
958,13495
958,185
958,524
958,10867
958,14004
958,675
958,10995
958,12888
958,6393
958,9548
959,6484
959,16726
959,15092
959,714
959,15538
959,4191
959,12796
959,694
960,3266
960,6347
960,15992
960,1727
960,13080
960,1512
960,12111
960,10855
960,3242
960,7481
960,3753
960,7094
960,12173
960,3557
960,8374
960,1682
960,8277
960,7482
960,7107
960,2484
961,13343
961,3340
961,4337
961,14948
961,11580
961,992
961,660
961,2705
961,6340
961,12490
961,1783
961,3800
961,9637
961,3239
961,3966
961,11415
961,4053
961,9617
962,15956
962,5731
962,1909
962,16048
962,16412
962,11405
962,13574
963,8650
963,13719
963,9305
963,8019
963,12215
963,4821
963,6254
963,13489
963,13383
963,15326
964,5450
964,21
964,4822
964,8166
964,11234
964,5447
964,1519
964,8649
964,9510
964,6910
964,15195
964,8087
964,2926
964,16419
965,2547
965,2309
965,1761
965,5783
965,765
966,4315
966,14663
966,14607
966,3006
966,16961
967,7118
967,15725
968,3440
968,13819
968,344
968,8599
968,3776
969,14405
969,14476
969,3919
969,13393
969,6764
969,4082
969,1049
969,2244
969,284
969,14461
970,5369
970,6269
970,15242
970,10805
970,694
970,13355
970,9240
970,3057
970,10283
970,16986
970,6398
970,5042
970,11189
971,1469
971,2711
971,12069
971,16868
971,15393
971,8708
971,8799
972,1238
972,7749
972,323
972,2559
972,2049
972,7862
972,9973
972,15612
972,3449
972,2842
973,5352
973,12493
973,7387
973,5880
973,500
973,5774
974,11803
974,12774
974,11271
974,9875
974,7749
974,5258
974,16456
974,2985
974,181
974,7935
974,10659
974,10765
974,6756
974,8106
974,1097
975,2474
975,13581
975,15743
975,7433
975,6445
975,9819
976,58
976,8845
976,16334
976,2390
977,11778
977,10305
977,1841
977,16045
977,15030
977,15083
977,8388
977,12823
977,12172
977,8391
977,11996
977,5274
977,9718
977,7623
977,12580
977,3796
977,10975
977,15190
977,11209
977,3455
978,861
978,11561
978,7885
978,8768
978,836
978,12348
978,9185
978,13136
978,13955
978,13948
978,4164
978,5464
978,1350
978,2925
978,29
979,16051
979,4512
979,12358
979,5357
979,4028
979,14025
979,11384
979,12127
979,14381
979,6042
979,12005
980,15990
980,10919
980,12092
980,684
980,8996
980,5383
980,4268
980,2171
980,3059
980,2451
980,1245
980,9936
981,13775
982,10546
982,8864
982,8065
982,7874
982,15697
982,14055
982,10501
982,11273
982,9130
982,9711
982,3944
982,13089
982,13313
982,7377
982,12495
983,13466
983,15140
983,16873
983,7826
983,11831
984,7214
984,9698
985,16440
985,7802
985,2134
985,1154
985,7401
985,5760
985,11089
985,7176
985,4746
985,4003
986,16236
986,14605
986,12016
987,9321
988,1444
988,5584
988,4601
988,14352
988,9648
988,8445
989,15469
989,8126
989,6824
989,2067
989,13862
989,15702
989,391
989,10806
990,12172
990,5079
990,11502
990,6768
990,1280
990,5363
990,5401
990,12525
990,12696
990,1935
990,1166
990,9929
990,776
990,6459
990,1125
990,9530
991,15565
991,12815
991,7306
991,11593
991,7421
991,11637
991,11302
992,4904
992,8222
992,7951
992,15266
992,13315
992,8473
992,6277
992,15980
992,11025
992,12328
992,11527
993,15960
993,7405
993,14957
993,7618
993,1654
993,2782
993,14529
993,15371
993,15997
993,7621
993,4997
993,13621
993,14645
993,12865
993,8317
993,926
994,9392
994,16609
994,13750
995,11767
995,2701
995,8883
995,16784
995,8997
995,2516
995,11904
995,2021
995,1483
995,8954
995,4253
995,10719
995,11893
995,1488
996,16864
996,11671
996,15128
996,15543
996,11436
996,3314
996,5358
996,5253
996,6873
996,804
996,932
996,2486
996,14976
996,1396
996,6534
996,2816
996,16733
997,14675
997,12879
997,14291
997,8584
997,1585
997,16193
997,5345
997,9424
997,7707
997,11051
997,2422
997,12785
997,9927
997,6364
998,2500
998,983
998,14488
998,10793
998,14814
999,7745
999,16231
999,4568
999,13294
999,6566
999,3624
999,13780
999,12909
999,12907
999,8060
999,15881
999,16589
999,11829
999,16929
999,10980
999,15770
999,14086
999,7740
999,2473
1000,11446
1000,14417
1000,14263
1000,12057
1000,15647
1000,5338
1000,14676
1000,5107
1000,3509
1000,5688
1000,14646
1000,16590
