SERVICES,CUISINES,GUIDES_ADVANCEDSEARCH,GUIDES_RESTAURANTGUI_LEFT_SECTION,GUIDES_RESTAURANTGUI_SECTION,PRICE_TAGS,GUIDES_ADDRESTAURANT
Air conditioning ,Afghan ,Rating,Price range,Address,Cheap,Cuisines
Booking essential ,African ,Location,Location,URL,Moderate,Services
Booking essential - dinner ,Alpine ,Price,Phone number,Website URL,Expensive,Description
Brunch ,Alsatian ,Cuisine,Award,Service,Luxury,
Bring your own bottle ,American ,Services,Eco Award,Cuisine,,
Car park ,American Contemporary ,,,,,
Cash only ,Andalusian ,,,,,
Cash only - lunch ,Apulian ,,,,,
Counter dining ,Argentinian ,,,,,
Credit cards not accepted ,Armenian ,,,,,
Foreign credit cards not accepted ,Asian ,,,,,
Garden or park ,Asian Contemporary ,,,,,
Great view ,Asian Influences ,,,,,
Interesting wine list ,Asian and Western ,,,,,
Notable sake list ,Asturian ,,,,,
Restaurant offering vegetarian menus ,Australian Contemporary ,,,,,
Shoes must be removed ,Austrian ,,,,,
Terrace ,Bakery ,,,,,
Valet parking ,Balinese ,,,,,
Wheelchair access ,Balkan ,,,,,
,Barbecue ,,,,,
,Basque ,,,,,
,Bavarian ,,,,,
,Beef ,,,,,
,Beijing Cuisine ,,,,,
,Belgian ,,,,,
,Brazilian ,,,,,
,Breton ,,,,,
,British Contemporary ,,,,,
,Bulgogi ,,,,,
,Burgundian ,,,,,
,Burmese ,,,,,
,Cajun ,,,,,
,Calabrian ,,,,,
,Californian ,,,,,
,Cambodian ,,,,,
,Campanian ,,,,,
,Cantonese ,,,,,
,Cantonese Roast Meats ,,,,,
,Caribbean ,,,,,
,Castilian ,,,,,
,Catalan ,,,,,
,Central Asian ,,,,,
,Chao Zhou ,,,,,
,Cheese ,,,,,
,Chicken Specialities ,,,,,
,Chinese ,,,,,
,Chinese Contemporary ,,,,,
,Chiu Chow ,,,,,
,Chueotang ,,,,,
,Classic Cuisine ,,,,,
,Classic French ,,,,,
,Colombian ,,,,,
,Congee ,,,,,
,Contemporary ,,,,,
,Corsican ,,,,,
,Country cooking ,,,,,
,Crab Specialities ,,,,,
,Creative ,,,,,
,Creative British ,,,,,
,Creative French ,,,,,
,Creole ,,,,,
,Croatian ,,,,,
,Cuban ,,,,,
,Cuisine from Abruzzo ,,,,,
,Cuisine from Basilicata ,,,,,
,Cuisine from Franche-Comté ,,,,,
,Cuisine from Lazio ,,,,,
,Cuisine from Romagna ,,,,,
,Cuisine from South West France ,,,,,
,Cuisine from Valtellina ,,,,,
,Cuisine from the Aosta Valley ,,,,,
,Cuisine from the Marches ,,,,,
,Curry ,,,,,
,Czech ,,,,,
,Danish ,,,,,
,Deli ,,,,,
,Dim Sum ,,,,,
,Doganitang ,,,,,
,Dongbei ,,,,,
,Dubu ,,,,,
,Duck Specialities ,,,,,
,Dumplings ,,,,,
,Dwaeji-gukbap ,,,,,
,Eastern European ,,,,,
,Egyptian ,,,,,
,Emilian ,,,,,
,Emirati Cuisine ,,,,,
,English ,,,,,
,Ethiopian ,,,,,
,European ,,,,,
,European Contemporary ,,,,,
,Farm to table ,,,,,
,Filipino ,,,,,
,Finnish ,,,,,
,Fish and Chips ,,,,,
,Flemish ,,,,,
,Fondue and Raclette ,,,,,
,French ,,,,,
,French Contemporary ,,,,,
,Friulian ,,,,,
,Fugu / Pufferfish ,,,,,
,Fujian ,,,,,
,Fusion ,,,,,
,Galician ,,,,,
,Gastropub ,,,,,
,Gejang ,,,,,
,German ,,,,,
,Gomtang ,,,,,
,Greek ,,,,,
,Grills ,,,,,
,Hainanese ,,,,,
,Hakkanese ,,,,,
,Hang Zhou ,,,,,
,Home Cooking ,,,,,
,Hotpot ,,,,,
,Huaiyang ,,,,,
,Hubei ,,,,,
,Hui Cuisine ,,,,,
,Hunanese ,,,,,
,Hunanese and Sichuan ,,,,,
,Hungarian ,,,,,
,Indian ,,,,,
,Indian Vegetarian ,,,,,
,Indonesian ,,,,,
,Innovative ,,,,,
,International ,,,,,
,Irish ,,,,,
,Isan ,,,,,
,Israeli ,,,,,
,Italian ,,,,,
,Italian Contemporary ,,,,,
,Italian and Japanese ,,,,,
,Italian-American ,,,,,
,Izakaya ,,,,,
,Jamaican ,,,,,
,Japan ,,,,,
,Japanese ,,,,,
,Japanese Contemporary ,,,,,
,Japanese Steakhouse ,,,,,
,Jiangzhe ,,,,,
,Jokbal ,,,,,
,Kalguksu ,,,,,
,Korean ,,,,,
,Korean Contemporary ,,,,,
,Kushiage ,,,,,
,Kyoto ,,,,,
,Lamb Specialities ,,,,,
,Lao ,,,,,
,Latin American ,,,,,
,Lebanese ,,,,,
,Ligurian ,,,,,
,Lombardian ,,,,,
,Lyonnaise ,,,,,
,Macanese ,,,,,
,Malaysian ,,,,,
,Mandu ,,,,,
,Mantuan ,,,,,
,Meats and Grills ,,,,,
,Meats and Seafood ,,,,,
,Mediterranean Cuisine ,,,,,
,Memil-guksu ,,,,,
,Mexican ,,,,,
,Middle Eastern ,,,,,
,Milanese ,,,,,
,Modern British ,,,,,
,Modern Cuisine ,,,,,
,Modern French ,,,,,
,Moroccan ,,,,,
,Naengmyeon ,,,,,
,Nakagyo-ku ,,,,,
,Nepali ,,,,,
,Ningbo ,,,,,
,Noodles ,,,,,
,Noodles and Congee ,,,,,
,North African ,,,,,
,North American ,,,,,
,Northern Thai ,,,,,
,Norwegian ,,,,,
,Obanzai ,,,,,
,Oden ,,,,,
,Okonomiyaki ,,,,,
,Onigiri ,,,,,
,Organic ,,,,,
,Oyster Specialities ,,,,,
,Pakistani ,,,,,
,Peranakan ,,,,,
,Persian ,,,,,
,Peruvian ,,,,,
,Piedmontese ,,,,,
,Pizza ,,,,,
,Polish ,,,,,
,Pork ,,,,,
,Portuguese ,,,,,
,Provençal ,,,,,
,Puerto Rican ,,,,,
,Ramen ,,,,,
,Regional Cuisine ,,,,,
,Regional European ,,,,,
,Rice Dishes ,,,,,
,Roman ,,,,,
,Russian ,,,,,
,Sardinian ,,,,,
,Savoyard ,,,,,
,Scandinavian ,,,,,
,Scottish ,,,,,
,Seafood ,,,,,
,Seasonal Cuisine ,,,,,
,Seolleongtang ,,,,,
,Shaanxi ,,,,,
,Shabu-shabu ,,,,,
,Shandong ,,,,,
,Shanghainese ,,,,,
,Sharing ,,,,,
,Shellfish Specialities ,,,,,
,Shojin ,,,,,
,Shun Tak ,,,,,
,Sichuan ,,,,,
,Sicilian ,,,,,
,Singaporean ,,,,,
,Singaporean and Malaysian ,,,,,
,Small eats ,,,,,
,Smørrebrød ,,,,,
,Soba ,,,,,
,South African ,,,,,
,South American ,,,,,
,South East Asian ,,,,,
,South Indian ,,,,,
,South Tyrolean ,,,,,
,Southern ,,,,,
,Southern Thai ,,,,,
,Spanish ,,,,,
,Spanish Contemporary ,,,,,
,Sri Lankan ,,,,,
,Steakhouse ,,,,,
,Street Food ,,,,,
,Sujebi ,,,,,
,Sukiyaki ,,,,,
,Sushi ,,,,,
,Swabian ,,,,,
,Swedish ,,,,,
,Swiss ,,,,,
,Taiwanese ,,,,,
,Taiwanese contemporary ,,,,,
,Taizhou ,,,,,
,Tempura ,,,,,
,Teochew ,,,,,
,Teppanyaki ,,,,,
,Tex-Mex ,,,,,
,Thai ,,,,,
,Thai and Vietnamese ,,,,,
,Thai contemporary ,,,,,
,Thai-Chinese ,,,,,
,Tibetan ,,,,,
,Tonkatsu ,,,,,
,Traditional British ,,,,,
,Traditional Cuisine ,,,,,
,Turkish ,,,,,
,Tuscan ,,,,,
,Udon ,,,,,
,Umbrian ,,,,,
,Unagi / Freshwater Eel ,,,,,
,Vegan ,,,,,
,Vegetarian ,,,,,
,Venetian ,,,,,
,Venezuelan ,,,,,
,Vietnamese ,,,,,
,Vietnamese Contemporary ,,,,,
,World Cuisine ,,,,,
,Xibei ,,,,,
,Xinjiang ,,,,,
,Yakitori ,,,,,
,Yoshoku ,,,,,
,Yukhoe ,,,,,
,Yunnanese ,,,,,
,Zhejiang ,,,,,
